event_id,city,cost,date
c8a478e8-cfdc-466c-a15c-fd8d726a4278,Bangalore,$5.51,04/12/2020
c8a478e8-cfdc-466c-a15c-fd8d726a4278,Chennai,$9.77,05/22/2020
c8a478e8-cfdc-466c-a15c-fd8d726a4278,Chennai,$3.89,12/07/2019
c8a478e8-cfdc-466c-a15c-fd8d726a4278,Delhi,$0.26,03/16/2020
c8a478e8-cfdc-466c-a15c-fd8d726a4278,Delhi,$6.68,01/24/2020
c8a478e8-cfdc-466c-a15c-fd8d726a4278,Delhi,$0.44,04/20/2020
c8a478e8-cfdc-466c-a15c-fd8d726a4278,Kolkata,$4.56,12/29/2019
c8a478e8-cfdc-466c-a15c-fd8d726a4278,Kolkata,$8.41,05/16/2020
c8a478e8-cfdc-466c-a15c-fd8d726a4278,Mumbai,$6.62,12/29/2019
c8a478e8-cfdc-466c-a15c-fd8d726a4278,Mumbai,$6.72,04/12/2020
c8a478e8-cfdc-466c-a15c-fd8d726a4278,Mumbai,$8.82,10/10/2019
c8a478e8-cfdc-466c-a15c-fd8d726a4278,Mumbai,$1.00,11/19/2019
37217a8c-18ab-4b86-91da-e34efc5bb865,Bangalore,$9.41,11/02/2019
37217a8c-18ab-4b86-91da-e34efc5bb865,Bangalore,$0.91,08/30/2019
37217a8c-18ab-4b86-91da-e34efc5bb865,Chennai,$5.05,12/17/2019
37217a8c-18ab-4b86-91da-e34efc5bb865,Chennai,$1.62,02/13/2020
37217a8c-18ab-4b86-91da-e34efc5bb865,Chennai,$5.77,09/06/2019
37217a8c-18ab-4b86-91da-e34efc5bb865,Delhi,$1.24,08/21/2019
37217a8c-18ab-4b86-91da-e34efc5bb865,Delhi,$8.88,02/10/2020
37217a8c-18ab-4b86-91da-e34efc5bb865,Kolkata,$7.95,05/27/2019
37217a8c-18ab-4b86-91da-e34efc5bb865,Kolkata,$7.85,01/23/2020
37217a8c-18ab-4b86-91da-e34efc5bb865,Kolkata,$9.08,03/09/2020
37217a8c-18ab-4b86-91da-e34efc5bb865,Mumbai,$9.96,05/10/2020
37217a8c-18ab-4b86-91da-e34efc5bb865,Mumbai,$9.98,07/25/2019
4c04d44e-1bd7-4716-bf1d-45a369bdb97a,Bangalore,$0.71,06/14/2019
4c04d44e-1bd7-4716-bf1d-45a369bdb97a,Bangalore,$6.15,01/31/2020
4c04d44e-1bd7-4716-bf1d-45a369bdb97a,Bangalore,$6.61,11/28/2019
4c04d44e-1bd7-4716-bf1d-45a369bdb97a,Bangalore,$1.59,09/22/2019
4c04d44e-1bd7-4716-bf1d-45a369bdb97a,Bangalore,$9.64,10/24/2019
4c04d44e-1bd7-4716-bf1d-45a369bdb97a,Chennai,$6.05,11/03/2019
4c04d44e-1bd7-4716-bf1d-45a369bdb97a,Chennai,$2.76,12/09/2019
4c04d44e-1bd7-4716-bf1d-45a369bdb97a,Delhi,$4.48,02/05/2020
4c04d44e-1bd7-4716-bf1d-45a369bdb97a,Kolkata,$2.18,05/22/2020
4c04d44e-1bd7-4716-bf1d-45a369bdb97a,Kolkata,$3.17,05/08/2020
4c04d44e-1bd7-4716-bf1d-45a369bdb97a,Kolkata,$9.27,06/13/2019
4c04d44e-1bd7-4716-bf1d-45a369bdb97a,Kolkata,$8.93,05/17/2020
4c04d44e-1bd7-4716-bf1d-45a369bdb97a,Kolkata,$9.54,09/12/2019
4c04d44e-1bd7-4716-bf1d-45a369bdb97a,Mumbai,$6.65,04/02/2020
4c04d44e-1bd7-4716-bf1d-45a369bdb97a,Mumbai,$3.50,10/01/2019
4c04d44e-1bd7-4716-bf1d-45a369bdb97a,Mumbai,$8.86,05/23/2020
b2f5620e-e756-411a-b616-834fa0a822b7,Bangalore,$9.34,09/27/2019
b2f5620e-e756-411a-b616-834fa0a822b7,Bangalore,$5.64,04/18/2020
b2f5620e-e756-411a-b616-834fa0a822b7,Chennai,$2.29,08/09/2019
b2f5620e-e756-411a-b616-834fa0a822b7,Chennai,$2.90,10/03/2019
b2f5620e-e756-411a-b616-834fa0a822b7,Chennai,$7.89,07/04/2019
b2f5620e-e756-411a-b616-834fa0a822b7,Chennai,$0.99,07/12/2019
b2f5620e-e756-411a-b616-834fa0a822b7,Chennai,$9.33,08/06/2019
b2f5620e-e756-411a-b616-834fa0a822b7,Delhi,$6.24,01/28/2020
b2f5620e-e756-411a-b616-834fa0a822b7,Delhi,$2.18,10/27/2019
b2f5620e-e756-411a-b616-834fa0a822b7,Delhi,$4.45,11/20/2019
b2f5620e-e756-411a-b616-834fa0a822b7,Delhi,$7.76,08/24/2019
b2f5620e-e756-411a-b616-834fa0a822b7,Delhi,$1.15,10/04/2019
b2f5620e-e756-411a-b616-834fa0a822b7,Kolkata,$8.76,10/10/2019
b2f5620e-e756-411a-b616-834fa0a822b7,Kolkata,$0.73,07/17/2019
b2f5620e-e756-411a-b616-834fa0a822b7,Kolkata,$0.15,06/04/2019
b2f5620e-e756-411a-b616-834fa0a822b7,Mumbai,$1.25,12/05/2019
b2f5620e-e756-411a-b616-834fa0a822b7,Mumbai,$7.12,11/28/2019
34c1e662-d85a-469b-8d10-650e854cd439,Bangalore,$1.83,04/29/2020
34c1e662-d85a-469b-8d10-650e854cd439,Bangalore,$7.02,01/31/2020
34c1e662-d85a-469b-8d10-650e854cd439,Chennai,$9.31,07/21/2019
34c1e662-d85a-469b-8d10-650e854cd439,Delhi,$8.21,03/12/2020
34c1e662-d85a-469b-8d10-650e854cd439,Delhi,$8.80,06/07/2019
34c1e662-d85a-469b-8d10-650e854cd439,Delhi,$9.64,09/27/2019
34c1e662-d85a-469b-8d10-650e854cd439,Delhi,$5.84,11/02/2019
34c1e662-d85a-469b-8d10-650e854cd439,Kolkata,$7.40,08/02/2019
34c1e662-d85a-469b-8d10-650e854cd439,Kolkata,$4.70,01/04/2020
34c1e662-d85a-469b-8d10-650e854cd439,Kolkata,$9.56,12/14/2019
34c1e662-d85a-469b-8d10-650e854cd439,Kolkata,$0.13,02/01/2020
34c1e662-d85a-469b-8d10-650e854cd439,Kolkata,$5.59,04/04/2020
34c1e662-d85a-469b-8d10-650e854cd439,Mumbai,$4.22,07/30/2019
04dc5198-53be-4239-81f0-dc6fedacef18,Bangalore,$1.11,07/04/2019
04dc5198-53be-4239-81f0-dc6fedacef18,Bangalore,$8.97,05/05/2020
04dc5198-53be-4239-81f0-dc6fedacef18,Bangalore,$8.72,11/27/2019
04dc5198-53be-4239-81f0-dc6fedacef18,Bangalore,$8.01,03/26/2020
04dc5198-53be-4239-81f0-dc6fedacef18,Bangalore,$4.41,03/03/2020
04dc5198-53be-4239-81f0-dc6fedacef18,Chennai,$9.00,12/04/2019
04dc5198-53be-4239-81f0-dc6fedacef18,Chennai,$7.30,11/11/2019
04dc5198-53be-4239-81f0-dc6fedacef18,Chennai,$6.44,04/03/2020
04dc5198-53be-4239-81f0-dc6fedacef18,Chennai,$8.30,03/20/2020
04dc5198-53be-4239-81f0-dc6fedacef18,Chennai,$9.68,09/26/2019
04dc5198-53be-4239-81f0-dc6fedacef18,Delhi,$0.78,08/31/2019
04dc5198-53be-4239-81f0-dc6fedacef18,Delhi,$1.87,06/03/2019
04dc5198-53be-4239-81f0-dc6fedacef18,Delhi,$9.23,05/09/2020
04dc5198-53be-4239-81f0-dc6fedacef18,Delhi,$4.91,05/08/2020
04dc5198-53be-4239-81f0-dc6fedacef18,Delhi,$6.11,04/08/2020
04dc5198-53be-4239-81f0-dc6fedacef18,Kolkata,$4.23,02/22/2020
04dc5198-53be-4239-81f0-dc6fedacef18,Mumbai,$0.39,12/10/2019
65555d22-ffd8-4d75-b5f8-312031c539f1,Bangalore,$3.32,01/14/2020
65555d22-ffd8-4d75-b5f8-312031c539f1,Bangalore,$7.97,04/08/2020
65555d22-ffd8-4d75-b5f8-312031c539f1,Chennai,$2.64,06/13/2019
65555d22-ffd8-4d75-b5f8-312031c539f1,Chennai,$4.22,08/27/2019
65555d22-ffd8-4d75-b5f8-312031c539f1,Chennai,$6.65,10/30/2019
65555d22-ffd8-4d75-b5f8-312031c539f1,Chennai,$0.15,03/30/2020
65555d22-ffd8-4d75-b5f8-312031c539f1,Chennai,$7.50,01/10/2020
65555d22-ffd8-4d75-b5f8-312031c539f1,Delhi,$9.69,06/29/2019
65555d22-ffd8-4d75-b5f8-312031c539f1,Delhi,$0.80,07/04/2019
65555d22-ffd8-4d75-b5f8-312031c539f1,Delhi,$2.31,05/18/2020
65555d22-ffd8-4d75-b5f8-312031c539f1,Kolkata,$8.50,04/27/2020
65555d22-ffd8-4d75-b5f8-312031c539f1,Kolkata,$8.08,02/16/2020
65555d22-ffd8-4d75-b5f8-312031c539f1,Mumbai,$0.55,01/07/2020
65555d22-ffd8-4d75-b5f8-312031c539f1,Mumbai,$5.26,12/03/2019
65555d22-ffd8-4d75-b5f8-312031c539f1,Mumbai,$3.41,07/19/2019
65555d22-ffd8-4d75-b5f8-312031c539f1,Mumbai,$0.09,09/09/2019
fa359948-331e-45bf-9554-9fd7d67020a7,Bangalore,$7.36,11/01/2019
fa359948-331e-45bf-9554-9fd7d67020a7,Bangalore,$6.85,12/09/2019
fa359948-331e-45bf-9554-9fd7d67020a7,Bangalore,$9.90,12/03/2019
fa359948-331e-45bf-9554-9fd7d67020a7,Bangalore,$8.25,12/13/2019
fa359948-331e-45bf-9554-9fd7d67020a7,Bangalore,$4.02,04/17/2020
fa359948-331e-45bf-9554-9fd7d67020a7,Chennai,$9.81,04/22/2020
fa359948-331e-45bf-9554-9fd7d67020a7,Chennai,$0.37,11/25/2019
fa359948-331e-45bf-9554-9fd7d67020a7,Chennai,$4.09,03/05/2020
fa359948-331e-45bf-9554-9fd7d67020a7,Chennai,$7.65,11/06/2019
fa359948-331e-45bf-9554-9fd7d67020a7,Chennai,$9.91,05/06/2020
fa359948-331e-45bf-9554-9fd7d67020a7,Delhi,$8.80,06/18/2019
fa359948-331e-45bf-9554-9fd7d67020a7,Delhi,$9.91,10/24/2019
fa359948-331e-45bf-9554-9fd7d67020a7,Delhi,$5.60,07/29/2019
fa359948-331e-45bf-9554-9fd7d67020a7,Kolkata,$4.77,11/30/2019
fa359948-331e-45bf-9554-9fd7d67020a7,Kolkata,$9.10,06/24/2019
fa359948-331e-45bf-9554-9fd7d67020a7,Mumbai,$2.38,01/06/2020
fa359948-331e-45bf-9554-9fd7d67020a7,Mumbai,$2.04,07/05/2019
fa359948-331e-45bf-9554-9fd7d67020a7,Mumbai,$8.06,11/27/2019
fa359948-331e-45bf-9554-9fd7d67020a7,Mumbai,$3.14,06/21/2019
fa359948-331e-45bf-9554-9fd7d67020a7,Mumbai,$4.02,02/06/2020
3bee493a-8dd2-45c9-b044-0946b9c0f241,Bangalore,$0.92,06/21/2019
3bee493a-8dd2-45c9-b044-0946b9c0f241,Bangalore,$0.88,08/22/2019
3bee493a-8dd2-45c9-b044-0946b9c0f241,Chennai,$9.64,08/22/2019
3bee493a-8dd2-45c9-b044-0946b9c0f241,Delhi,$6.13,10/07/2019
3bee493a-8dd2-45c9-b044-0946b9c0f241,Delhi,$6.81,06/23/2019
3bee493a-8dd2-45c9-b044-0946b9c0f241,Delhi,$4.11,01/11/2020
3bee493a-8dd2-45c9-b044-0946b9c0f241,Delhi,$4.61,10/12/2019
3bee493a-8dd2-45c9-b044-0946b9c0f241,Kolkata,$9.05,10/27/2019
3bee493a-8dd2-45c9-b044-0946b9c0f241,Kolkata,$4.52,07/22/2019
3bee493a-8dd2-45c9-b044-0946b9c0f241,Kolkata,$4.15,12/07/2019
3bee493a-8dd2-45c9-b044-0946b9c0f241,Kolkata,$0.24,05/12/2020
3bee493a-8dd2-45c9-b044-0946b9c0f241,Mumbai,$3.10,05/03/2020
3bee493a-8dd2-45c9-b044-0946b9c0f241,Mumbai,$9.50,11/29/2019
3bee493a-8dd2-45c9-b044-0946b9c0f241,Mumbai,$3.15,07/09/2019
d644ef66-fe38-4d50-8520-4b7b88967b92,Bangalore,$2.60,04/24/2020
d644ef66-fe38-4d50-8520-4b7b88967b92,Bangalore,$2.40,02/19/2020
d644ef66-fe38-4d50-8520-4b7b88967b92,Bangalore,$1.34,09/13/2019
d644ef66-fe38-4d50-8520-4b7b88967b92,Chennai,$6.21,02/27/2020
d644ef66-fe38-4d50-8520-4b7b88967b92,Chennai,$8.03,04/29/2020
d644ef66-fe38-4d50-8520-4b7b88967b92,Delhi,$6.87,06/09/2019
d644ef66-fe38-4d50-8520-4b7b88967b92,Delhi,$9.62,12/05/2019
d644ef66-fe38-4d50-8520-4b7b88967b92,Kolkata,$2.21,02/17/2020
d644ef66-fe38-4d50-8520-4b7b88967b92,Kolkata,$6.80,07/12/2019
d644ef66-fe38-4d50-8520-4b7b88967b92,Kolkata,$0.01,08/30/2019
d644ef66-fe38-4d50-8520-4b7b88967b92,Kolkata,$5.35,07/14/2019
d644ef66-fe38-4d50-8520-4b7b88967b92,Mumbai,$2.70,06/08/2019
d644ef66-fe38-4d50-8520-4b7b88967b92,Mumbai,$0.34,03/07/2020
d644ef66-fe38-4d50-8520-4b7b88967b92,Mumbai,$0.60,04/06/2020
974baab9-3121-4852-aaad-0c36c53e4eb5,Bangalore,$8.60,01/04/2020
974baab9-3121-4852-aaad-0c36c53e4eb5,Chennai,$4.85,08/30/2019
974baab9-3121-4852-aaad-0c36c53e4eb5,Chennai,$7.61,12/05/2019
974baab9-3121-4852-aaad-0c36c53e4eb5,Delhi,$9.31,07/11/2019
974baab9-3121-4852-aaad-0c36c53e4eb5,Delhi,$6.20,09/03/2019
974baab9-3121-4852-aaad-0c36c53e4eb5,Delhi,$3.53,01/06/2020
974baab9-3121-4852-aaad-0c36c53e4eb5,Kolkata,$4.81,09/05/2019
974baab9-3121-4852-aaad-0c36c53e4eb5,Kolkata,$1.92,07/10/2019
974baab9-3121-4852-aaad-0c36c53e4eb5,Mumbai,$4.08,02/21/2020
ba100e25-bb07-4390-9cd2-b1422ca0b4da,Bangalore,$7.01,11/01/2019
ba100e25-bb07-4390-9cd2-b1422ca0b4da,Bangalore,$3.65,08/15/2019
ba100e25-bb07-4390-9cd2-b1422ca0b4da,Chennai,$7.21,11/13/2019
ba100e25-bb07-4390-9cd2-b1422ca0b4da,Delhi,$6.16,07/22/2019
ba100e25-bb07-4390-9cd2-b1422ca0b4da,Kolkata,$6.79,04/06/2020
ba100e25-bb07-4390-9cd2-b1422ca0b4da,Kolkata,$9.28,11/30/2019
ba100e25-bb07-4390-9cd2-b1422ca0b4da,Kolkata,$3.40,09/02/2019
ba100e25-bb07-4390-9cd2-b1422ca0b4da,Kolkata,$6.32,11/08/2019
ba100e25-bb07-4390-9cd2-b1422ca0b4da,Mumbai,$0.06,12/03/2019
ba100e25-bb07-4390-9cd2-b1422ca0b4da,Mumbai,$2.70,04/06/2020
ba100e25-bb07-4390-9cd2-b1422ca0b4da,Mumbai,$5.36,09/10/2019
ba100e25-bb07-4390-9cd2-b1422ca0b4da,Mumbai,$3.57,03/22/2020
ba100e25-bb07-4390-9cd2-b1422ca0b4da,Mumbai,$6.05,08/12/2019
cf4e54b4-69b7-4895-995d-e1cb6b9789ad,Bangalore,$3.52,11/04/2019
cf4e54b4-69b7-4895-995d-e1cb6b9789ad,Bangalore,$9.55,08/19/2019
cf4e54b4-69b7-4895-995d-e1cb6b9789ad,Chennai,$0.14,06/14/2019
cf4e54b4-69b7-4895-995d-e1cb6b9789ad,Chennai,$5.28,05/30/2019
cf4e54b4-69b7-4895-995d-e1cb6b9789ad,Chennai,$4.85,12/10/2019
cf4e54b4-69b7-4895-995d-e1cb6b9789ad,Chennai,$8.33,03/21/2020
cf4e54b4-69b7-4895-995d-e1cb6b9789ad,Delhi,$0.21,12/04/2019
cf4e54b4-69b7-4895-995d-e1cb6b9789ad,Delhi,$7.90,02/08/2020
cf4e54b4-69b7-4895-995d-e1cb6b9789ad,Delhi,$9.14,04/27/2020
cf4e54b4-69b7-4895-995d-e1cb6b9789ad,Kolkata,$2.04,10/14/2019
cf4e54b4-69b7-4895-995d-e1cb6b9789ad,Mumbai,$9.89,08/06/2019
cf4e54b4-69b7-4895-995d-e1cb6b9789ad,Mumbai,$3.55,02/15/2020
cf4e54b4-69b7-4895-995d-e1cb6b9789ad,Mumbai,$5.09,06/04/2019
cf4e54b4-69b7-4895-995d-e1cb6b9789ad,Mumbai,$7.65,06/07/2019
c5a9d97c-8823-45b2-bffa-e5ffe9c34c5f,Bangalore,$7.95,03/20/2020
c5a9d97c-8823-45b2-bffa-e5ffe9c34c5f,Bangalore,$4.96,12/06/2019
c5a9d97c-8823-45b2-bffa-e5ffe9c34c5f,Bangalore,$3.78,09/13/2019
c5a9d97c-8823-45b2-bffa-e5ffe9c34c5f,Bangalore,$1.73,07/26/2019
c5a9d97c-8823-45b2-bffa-e5ffe9c34c5f,Chennai,$1.86,12/14/2019
c5a9d97c-8823-45b2-bffa-e5ffe9c34c5f,Chennai,$4.83,09/09/2019
c5a9d97c-8823-45b2-bffa-e5ffe9c34c5f,Chennai,$7.21,03/18/2020
c5a9d97c-8823-45b2-bffa-e5ffe9c34c5f,Chennai,$2.41,05/22/2020
c5a9d97c-8823-45b2-bffa-e5ffe9c34c5f,Delhi,$1.26,12/22/2019
c5a9d97c-8823-45b2-bffa-e5ffe9c34c5f,Delhi,$0.57,12/26/2019
c5a9d97c-8823-45b2-bffa-e5ffe9c34c5f,Kolkata,$2.93,06/01/2019
c5a9d97c-8823-45b2-bffa-e5ffe9c34c5f,Mumbai,$5.00,03/24/2020
c5a9d97c-8823-45b2-bffa-e5ffe9c34c5f,Mumbai,$9.90,12/05/2019
c5a9d97c-8823-45b2-bffa-e5ffe9c34c5f,Mumbai,$6.43,07/25/2019
c5a9d97c-8823-45b2-bffa-e5ffe9c34c5f,Mumbai,$4.50,12/27/2019
0320ed5b-f1be-4bd1-97e6-863de4dd4d89,Bangalore,$8.05,02/29/2020
0320ed5b-f1be-4bd1-97e6-863de4dd4d89,Bangalore,$1.88,02/12/2020
0320ed5b-f1be-4bd1-97e6-863de4dd4d89,Bangalore,$5.98,01/19/2020
0320ed5b-f1be-4bd1-97e6-863de4dd4d89,Bangalore,$8.50,06/18/2019
0320ed5b-f1be-4bd1-97e6-863de4dd4d89,Chennai,$7.37,03/08/2020
0320ed5b-f1be-4bd1-97e6-863de4dd4d89,Delhi,$2.57,07/18/2019
0320ed5b-f1be-4bd1-97e6-863de4dd4d89,Delhi,$0.16,02/13/2020
0320ed5b-f1be-4bd1-97e6-863de4dd4d89,Delhi,$7.49,04/19/2020
0320ed5b-f1be-4bd1-97e6-863de4dd4d89,Delhi,$6.71,04/02/2020
0320ed5b-f1be-4bd1-97e6-863de4dd4d89,Kolkata,$7.03,08/22/2019
0320ed5b-f1be-4bd1-97e6-863de4dd4d89,Mumbai,$5.12,09/26/2019
0320ed5b-f1be-4bd1-97e6-863de4dd4d89,Mumbai,$7.45,07/28/2019
0320ed5b-f1be-4bd1-97e6-863de4dd4d89,Mumbai,$7.40,06/19/2019
0320ed5b-f1be-4bd1-97e6-863de4dd4d89,Mumbai,$1.20,06/13/2019
0320ed5b-f1be-4bd1-97e6-863de4dd4d89,Mumbai,$4.52,03/08/2020
cb2c986c-5107-4d9f-b98e-cc1cc893bfb2,Bangalore,$5.76,01/09/2020
cb2c986c-5107-4d9f-b98e-cc1cc893bfb2,Bangalore,$6.01,03/19/2020
cb2c986c-5107-4d9f-b98e-cc1cc893bfb2,Bangalore,$5.31,01/21/2020
cb2c986c-5107-4d9f-b98e-cc1cc893bfb2,Chennai,$1.52,07/10/2019
cb2c986c-5107-4d9f-b98e-cc1cc893bfb2,Delhi,$4.21,11/25/2019
cb2c986c-5107-4d9f-b98e-cc1cc893bfb2,Delhi,$6.08,06/29/2019
cb2c986c-5107-4d9f-b98e-cc1cc893bfb2,Delhi,$2.22,11/17/2019
cb2c986c-5107-4d9f-b98e-cc1cc893bfb2,Delhi,$3.82,07/11/2019
cb2c986c-5107-4d9f-b98e-cc1cc893bfb2,Kolkata,$9.98,12/13/2019
cb2c986c-5107-4d9f-b98e-cc1cc893bfb2,Kolkata,$6.57,10/30/2019
cb2c986c-5107-4d9f-b98e-cc1cc893bfb2,Mumbai,$6.33,04/05/2020
e182c7aa-55c7-41e7-a2f7-1c0dff7aaa70,Bangalore,$5.42,06/26/2019
e182c7aa-55c7-41e7-a2f7-1c0dff7aaa70,Bangalore,$2.40,11/27/2019
e182c7aa-55c7-41e7-a2f7-1c0dff7aaa70,Bangalore,$0.40,06/25/2019
e182c7aa-55c7-41e7-a2f7-1c0dff7aaa70,Chennai,$5.56,01/01/2020
e182c7aa-55c7-41e7-a2f7-1c0dff7aaa70,Delhi,$3.04,09/06/2019
e182c7aa-55c7-41e7-a2f7-1c0dff7aaa70,Delhi,$0.44,08/09/2019
e182c7aa-55c7-41e7-a2f7-1c0dff7aaa70,Delhi,$5.30,02/11/2020
e182c7aa-55c7-41e7-a2f7-1c0dff7aaa70,Delhi,$1.50,09/10/2019
e182c7aa-55c7-41e7-a2f7-1c0dff7aaa70,Delhi,$1.98,03/05/2020
e182c7aa-55c7-41e7-a2f7-1c0dff7aaa70,Kolkata,$6.12,10/29/2019
e182c7aa-55c7-41e7-a2f7-1c0dff7aaa70,Kolkata,$5.23,01/29/2020
e182c7aa-55c7-41e7-a2f7-1c0dff7aaa70,Mumbai,$0.41,11/18/2019
ec37a4c0-f449-4d97-95ad-dcf80973da27,Bangalore,$0.75,08/05/2019
ec37a4c0-f449-4d97-95ad-dcf80973da27,Chennai,$4.72,05/15/2020
ec37a4c0-f449-4d97-95ad-dcf80973da27,Delhi,$0.82,04/15/2020
ec37a4c0-f449-4d97-95ad-dcf80973da27,Kolkata,$9.38,01/02/2020
ec37a4c0-f449-4d97-95ad-dcf80973da27,Kolkata,$3.34,01/16/2020
ec37a4c0-f449-4d97-95ad-dcf80973da27,Mumbai,$1.60,11/25/2019
ec37a4c0-f449-4d97-95ad-dcf80973da27,Mumbai,$2.85,06/02/2019
ec37a4c0-f449-4d97-95ad-dcf80973da27,Mumbai,$6.20,04/11/2020
ec37a4c0-f449-4d97-95ad-dcf80973da27,Mumbai,$2.90,07/29/2019
ec37a4c0-f449-4d97-95ad-dcf80973da27,Mumbai,$1.59,10/20/2019
5ac89a3e-00f5-49bb-851c-841ae26e2fcd,Bangalore,$4.00,12/02/2019
5ac89a3e-00f5-49bb-851c-841ae26e2fcd,Bangalore,$0.18,08/23/2019
5ac89a3e-00f5-49bb-851c-841ae26e2fcd,Chennai,$9.82,12/12/2019
5ac89a3e-00f5-49bb-851c-841ae26e2fcd,Chennai,$7.69,08/10/2019
5ac89a3e-00f5-49bb-851c-841ae26e2fcd,Chennai,$0.64,08/27/2019
5ac89a3e-00f5-49bb-851c-841ae26e2fcd,Delhi,$1.31,07/02/2019
5ac89a3e-00f5-49bb-851c-841ae26e2fcd,Delhi,$0.95,05/27/2019
5ac89a3e-00f5-49bb-851c-841ae26e2fcd,Delhi,$5.39,02/19/2020
5ac89a3e-00f5-49bb-851c-841ae26e2fcd,Delhi,$1.20,05/03/2020
5ac89a3e-00f5-49bb-851c-841ae26e2fcd,Kolkata,$8.04,12/29/2019
5ac89a3e-00f5-49bb-851c-841ae26e2fcd,Kolkata,$6.10,12/10/2019
5ac89a3e-00f5-49bb-851c-841ae26e2fcd,Kolkata,$5.49,03/05/2020
5ac89a3e-00f5-49bb-851c-841ae26e2fcd,Kolkata,$4.46,06/15/2019
5ac89a3e-00f5-49bb-851c-841ae26e2fcd,Kolkata,$9.20,09/22/2019
5ac89a3e-00f5-49bb-851c-841ae26e2fcd,Mumbai,$7.23,07/30/2019
5ac89a3e-00f5-49bb-851c-841ae26e2fcd,Mumbai,$7.69,06/13/2019
5ac89a3e-00f5-49bb-851c-841ae26e2fcd,Mumbai,$5.62,11/01/2019
5ac89a3e-00f5-49bb-851c-841ae26e2fcd,Mumbai,$4.65,07/06/2019
d997f98b-cbb2-47bf-a3ab-8a300e6c69c1,Bangalore,$4.27,01/29/2020
d997f98b-cbb2-47bf-a3ab-8a300e6c69c1,Chennai,$3.65,06/24/2019
d997f98b-cbb2-47bf-a3ab-8a300e6c69c1,Chennai,$5.04,03/20/2020
d997f98b-cbb2-47bf-a3ab-8a300e6c69c1,Chennai,$2.49,10/21/2019
d997f98b-cbb2-47bf-a3ab-8a300e6c69c1,Delhi,$1.22,08/10/2019
d997f98b-cbb2-47bf-a3ab-8a300e6c69c1,Kolkata,$8.11,08/23/2019
d997f98b-cbb2-47bf-a3ab-8a300e6c69c1,Kolkata,$0.72,03/28/2020
d997f98b-cbb2-47bf-a3ab-8a300e6c69c1,Kolkata,$3.18,01/12/2020
d997f98b-cbb2-47bf-a3ab-8a300e6c69c1,Kolkata,$4.14,04/16/2020
d997f98b-cbb2-47bf-a3ab-8a300e6c69c1,Mumbai,$1.50,10/01/2019
d997f98b-cbb2-47bf-a3ab-8a300e6c69c1,Mumbai,$6.84,09/19/2019
d997f98b-cbb2-47bf-a3ab-8a300e6c69c1,Mumbai,$7.06,03/03/2020
d997f98b-cbb2-47bf-a3ab-8a300e6c69c1,Mumbai,$2.50,12/01/2019
d997f98b-cbb2-47bf-a3ab-8a300e6c69c1,Mumbai,$8.64,03/30/2020
5ad93a2d-c540-412b-8186-67f4c662e4a0,Bangalore,$8.21,04/21/2020
5ad93a2d-c540-412b-8186-67f4c662e4a0,Bangalore,$6.33,01/04/2020
5ad93a2d-c540-412b-8186-67f4c662e4a0,Chennai,$9.16,08/02/2019
5ad93a2d-c540-412b-8186-67f4c662e4a0,Chennai,$8.63,06/18/2019
5ad93a2d-c540-412b-8186-67f4c662e4a0,Chennai,$8.77,07/22/2019
5ad93a2d-c540-412b-8186-67f4c662e4a0,Chennai,$6.09,01/12/2020
5ad93a2d-c540-412b-8186-67f4c662e4a0,Delhi,$6.59,07/25/2019
5ad93a2d-c540-412b-8186-67f4c662e4a0,Delhi,$9.45,03/02/2020
5ad93a2d-c540-412b-8186-67f4c662e4a0,Delhi,$4.27,02/21/2020
5ad93a2d-c540-412b-8186-67f4c662e4a0,Kolkata,$4.30,06/01/2019
5ad93a2d-c540-412b-8186-67f4c662e4a0,Kolkata,$1.03,03/11/2020
5ad93a2d-c540-412b-8186-67f4c662e4a0,Kolkata,$4.97,02/08/2020
5ad93a2d-c540-412b-8186-67f4c662e4a0,Mumbai,$3.34,10/26/2019
5ad93a2d-c540-412b-8186-67f4c662e4a0,Mumbai,$9.07,07/25/2019
5ad93a2d-c540-412b-8186-67f4c662e4a0,Mumbai,$6.67,11/30/2019
5ad93a2d-c540-412b-8186-67f4c662e4a0,Mumbai,$3.41,12/13/2019
b3853248-58f2-4cc7-96a1-51d441a053b5,Bangalore,$2.92,01/14/2020
b3853248-58f2-4cc7-96a1-51d441a053b5,Bangalore,$8.47,02/08/2020
b3853248-58f2-4cc7-96a1-51d441a053b5,Bangalore,$0.95,05/25/2019
b3853248-58f2-4cc7-96a1-51d441a053b5,Bangalore,$6.57,04/03/2020
b3853248-58f2-4cc7-96a1-51d441a053b5,Bangalore,$3.54,08/15/2019
b3853248-58f2-4cc7-96a1-51d441a053b5,Chennai,$6.40,04/18/2020
b3853248-58f2-4cc7-96a1-51d441a053b5,Chennai,$7.63,10/03/2019
b3853248-58f2-4cc7-96a1-51d441a053b5,Chennai,$1.76,08/17/2019
b3853248-58f2-4cc7-96a1-51d441a053b5,Delhi,$4.15,09/16/2019
b3853248-58f2-4cc7-96a1-51d441a053b5,Delhi,$9.55,07/18/2019
b3853248-58f2-4cc7-96a1-51d441a053b5,Delhi,$6.13,07/28/2019
b3853248-58f2-4cc7-96a1-51d441a053b5,Delhi,$6.96,05/06/2020
b3853248-58f2-4cc7-96a1-51d441a053b5,Kolkata,$7.68,08/25/2019
b3853248-58f2-4cc7-96a1-51d441a053b5,Mumbai,$8.84,11/23/2019
b3853248-58f2-4cc7-96a1-51d441a053b5,Mumbai,$0.54,05/09/2020
b3853248-58f2-4cc7-96a1-51d441a053b5,Mumbai,$5.52,09/16/2019
7dbafd73-563e-412d-9a0f-48b180abdbdd,Bangalore,$1.75,09/29/2019
7dbafd73-563e-412d-9a0f-48b180abdbdd,Bangalore,$9.50,12/09/2019
7dbafd73-563e-412d-9a0f-48b180abdbdd,Bangalore,$3.07,07/02/2019
7dbafd73-563e-412d-9a0f-48b180abdbdd,Chennai,$9.20,12/19/2019
7dbafd73-563e-412d-9a0f-48b180abdbdd,Chennai,$5.91,10/31/2019
7dbafd73-563e-412d-9a0f-48b180abdbdd,Chennai,$8.99,05/05/2020
7dbafd73-563e-412d-9a0f-48b180abdbdd,Chennai,$6.01,01/31/2020
7dbafd73-563e-412d-9a0f-48b180abdbdd,Chennai,$4.79,11/25/2019
7dbafd73-563e-412d-9a0f-48b180abdbdd,Delhi,$0.74,11/04/2019
7dbafd73-563e-412d-9a0f-48b180abdbdd,Delhi,$7.77,11/07/2019
7dbafd73-563e-412d-9a0f-48b180abdbdd,Delhi,$1.60,11/25/2019
7dbafd73-563e-412d-9a0f-48b180abdbdd,Kolkata,$7.08,03/01/2020
7dbafd73-563e-412d-9a0f-48b180abdbdd,Kolkata,$1.59,05/21/2020
7dbafd73-563e-412d-9a0f-48b180abdbdd,Mumbai,$5.29,06/17/2019
7dbafd73-563e-412d-9a0f-48b180abdbdd,Mumbai,$1.56,02/06/2020
7dbafd73-563e-412d-9a0f-48b180abdbdd,Mumbai,$8.93,10/21/2019
c12d9de6-82a8-417c-b4ed-72cb7d71bf37,Bangalore,$2.27,05/01/2020
c12d9de6-82a8-417c-b4ed-72cb7d71bf37,Bangalore,$0.80,11/28/2019
c12d9de6-82a8-417c-b4ed-72cb7d71bf37,Bangalore,$5.21,07/25/2019
c12d9de6-82a8-417c-b4ed-72cb7d71bf37,Chennai,$9.95,03/01/2020
c12d9de6-82a8-417c-b4ed-72cb7d71bf37,Chennai,$0.65,11/06/2019
c12d9de6-82a8-417c-b4ed-72cb7d71bf37,Chennai,$4.78,08/26/2019
c12d9de6-82a8-417c-b4ed-72cb7d71bf37,Chennai,$5.14,10/22/2019
c12d9de6-82a8-417c-b4ed-72cb7d71bf37,Chennai,$4.88,08/05/2019
c12d9de6-82a8-417c-b4ed-72cb7d71bf37,Delhi,$5.97,12/12/2019
c12d9de6-82a8-417c-b4ed-72cb7d71bf37,Kolkata,$7.02,02/07/2020
c12d9de6-82a8-417c-b4ed-72cb7d71bf37,Kolkata,$1.85,01/09/2020
c12d9de6-82a8-417c-b4ed-72cb7d71bf37,Kolkata,$6.85,07/15/2019
c12d9de6-82a8-417c-b4ed-72cb7d71bf37,Mumbai,$9.44,04/05/2020
c12d9de6-82a8-417c-b4ed-72cb7d71bf37,Mumbai,$7.66,06/23/2019
9c814920-bd7c-4027-931f-6b61b0cbb472,Bangalore,$4.22,04/06/2020
9c814920-bd7c-4027-931f-6b61b0cbb472,Bangalore,$0.76,08/24/2019
9c814920-bd7c-4027-931f-6b61b0cbb472,Bangalore,$0.77,05/24/2020
9c814920-bd7c-4027-931f-6b61b0cbb472,Bangalore,$0.94,01/26/2020
9c814920-bd7c-4027-931f-6b61b0cbb472,Bangalore,$4.96,02/07/2020
9c814920-bd7c-4027-931f-6b61b0cbb472,Chennai,$0.20,09/01/2019
9c814920-bd7c-4027-931f-6b61b0cbb472,Chennai,$3.56,12/19/2019
9c814920-bd7c-4027-931f-6b61b0cbb472,Delhi,$0.70,02/07/2020
9c814920-bd7c-4027-931f-6b61b0cbb472,Delhi,$8.65,07/19/2019
9c814920-bd7c-4027-931f-6b61b0cbb472,Kolkata,$7.56,08/19/2019
9c814920-bd7c-4027-931f-6b61b0cbb472,Mumbai,$3.33,03/02/2020
9c814920-bd7c-4027-931f-6b61b0cbb472,Mumbai,$0.65,12/27/2019
9c814920-bd7c-4027-931f-6b61b0cbb472,Mumbai,$8.60,04/25/2020
4e3be469-9df9-4fad-a46a-ab2a37272086,Bangalore,$6.91,07/07/2019
4e3be469-9df9-4fad-a46a-ab2a37272086,Bangalore,$6.14,04/12/2020
4e3be469-9df9-4fad-a46a-ab2a37272086,Bangalore,$6.50,11/23/2019
4e3be469-9df9-4fad-a46a-ab2a37272086,Bangalore,$6.91,11/14/2019
4e3be469-9df9-4fad-a46a-ab2a37272086,Bangalore,$2.79,01/18/2020
4e3be469-9df9-4fad-a46a-ab2a37272086,Chennai,$3.01,08/30/2019
4e3be469-9df9-4fad-a46a-ab2a37272086,Delhi,$5.36,07/24/2019
4e3be469-9df9-4fad-a46a-ab2a37272086,Delhi,$4.51,10/08/2019
4e3be469-9df9-4fad-a46a-ab2a37272086,Kolkata,$6.82,04/02/2020
4e3be469-9df9-4fad-a46a-ab2a37272086,Kolkata,$5.42,09/15/2019
4e3be469-9df9-4fad-a46a-ab2a37272086,Mumbai,$5.05,03/17/2020
4e3be469-9df9-4fad-a46a-ab2a37272086,Mumbai,$0.20,05/25/2019
4e3be469-9df9-4fad-a46a-ab2a37272086,Mumbai,$2.00,04/25/2020
7bba24a7-65b6-4876-8da5-8a6018f129bc,Bangalore,$9.73,08/31/2019
7bba24a7-65b6-4876-8da5-8a6018f129bc,Bangalore,$6.81,06/23/2019
7bba24a7-65b6-4876-8da5-8a6018f129bc,Chennai,$6.08,05/31/2019
7bba24a7-65b6-4876-8da5-8a6018f129bc,Chennai,$7.55,02/02/2020
7bba24a7-65b6-4876-8da5-8a6018f129bc,Chennai,$4.00,11/30/2019
7bba24a7-65b6-4876-8da5-8a6018f129bc,Delhi,$1.31,04/07/2020
7bba24a7-65b6-4876-8da5-8a6018f129bc,Delhi,$2.03,02/02/2020
7bba24a7-65b6-4876-8da5-8a6018f129bc,Delhi,$0.64,01/20/2020
7bba24a7-65b6-4876-8da5-8a6018f129bc,Delhi,$1.87,01/02/2020
7bba24a7-65b6-4876-8da5-8a6018f129bc,Kolkata,$0.13,05/06/2020
7bba24a7-65b6-4876-8da5-8a6018f129bc,Kolkata,$7.33,03/10/2020
7bba24a7-65b6-4876-8da5-8a6018f129bc,Kolkata,$7.19,05/03/2020
7bba24a7-65b6-4876-8da5-8a6018f129bc,Kolkata,$3.14,12/21/2019
7bba24a7-65b6-4876-8da5-8a6018f129bc,Kolkata,$6.48,03/29/2020
7bba24a7-65b6-4876-8da5-8a6018f129bc,Mumbai,$0.97,10/03/2019
7bba24a7-65b6-4876-8da5-8a6018f129bc,Mumbai,$6.27,04/04/2020
7bba24a7-65b6-4876-8da5-8a6018f129bc,Mumbai,$2.74,09/05/2019
9dbd178d-c4f4-4ae9-8741-58b6adc8feb8,Bangalore,$9.00,08/23/2019
9dbd178d-c4f4-4ae9-8741-58b6adc8feb8,Bangalore,$4.30,04/14/2020
9dbd178d-c4f4-4ae9-8741-58b6adc8feb8,Chennai,$3.17,04/27/2020
9dbd178d-c4f4-4ae9-8741-58b6adc8feb8,Chennai,$0.24,01/23/2020
9dbd178d-c4f4-4ae9-8741-58b6adc8feb8,Delhi,$9.37,06/15/2019
9dbd178d-c4f4-4ae9-8741-58b6adc8feb8,Delhi,$1.29,05/27/2019
9dbd178d-c4f4-4ae9-8741-58b6adc8feb8,Delhi,$5.10,10/10/2019
9dbd178d-c4f4-4ae9-8741-58b6adc8feb8,Delhi,$3.14,05/26/2019
9dbd178d-c4f4-4ae9-8741-58b6adc8feb8,Delhi,$1.54,07/25/2019
9dbd178d-c4f4-4ae9-8741-58b6adc8feb8,Kolkata,$2.59,02/10/2020
9dbd178d-c4f4-4ae9-8741-58b6adc8feb8,Mumbai,$9.48,01/16/2020
9dbd178d-c4f4-4ae9-8741-58b6adc8feb8,Mumbai,$7.10,01/30/2020
9dbd178d-c4f4-4ae9-8741-58b6adc8feb8,Mumbai,$4.85,04/13/2020
4d43941b-2376-4e42-b159-2bac8e15bd72,Bangalore,$2.48,12/11/2019
4d43941b-2376-4e42-b159-2bac8e15bd72,Bangalore,$9.97,02/25/2020
4d43941b-2376-4e42-b159-2bac8e15bd72,Bangalore,$6.60,07/15/2019
4d43941b-2376-4e42-b159-2bac8e15bd72,Bangalore,$9.76,01/05/2020
4d43941b-2376-4e42-b159-2bac8e15bd72,Chennai,$3.90,04/11/2020
4d43941b-2376-4e42-b159-2bac8e15bd72,Chennai,$4.54,10/12/2019
4d43941b-2376-4e42-b159-2bac8e15bd72,Chennai,$7.95,03/10/2020
4d43941b-2376-4e42-b159-2bac8e15bd72,Delhi,$8.93,09/22/2019
4d43941b-2376-4e42-b159-2bac8e15bd72,Delhi,$1.87,09/10/2019
4d43941b-2376-4e42-b159-2bac8e15bd72,Delhi,$0.38,06/15/2019
4d43941b-2376-4e42-b159-2bac8e15bd72,Delhi,$6.27,06/23/2019
4d43941b-2376-4e42-b159-2bac8e15bd72,Kolkata,$9.54,03/07/2020
4d43941b-2376-4e42-b159-2bac8e15bd72,Kolkata,$0.68,03/03/2020
4d43941b-2376-4e42-b159-2bac8e15bd72,Kolkata,$5.97,01/10/2020
4d43941b-2376-4e42-b159-2bac8e15bd72,Kolkata,$8.34,10/22/2019
4d43941b-2376-4e42-b159-2bac8e15bd72,Mumbai,$6.37,03/29/2020
4d43941b-2376-4e42-b159-2bac8e15bd72,Mumbai,$5.92,08/04/2019
77241b71-8c40-4460-8d4b-0e805e7fb8e6,Bangalore,$8.66,12/13/2019
77241b71-8c40-4460-8d4b-0e805e7fb8e6,Bangalore,$6.77,10/07/2019
77241b71-8c40-4460-8d4b-0e805e7fb8e6,Chennai,$6.54,07/17/2019
77241b71-8c40-4460-8d4b-0e805e7fb8e6,Chennai,$8.55,06/18/2019
77241b71-8c40-4460-8d4b-0e805e7fb8e6,Delhi,$1.29,02/02/2020
77241b71-8c40-4460-8d4b-0e805e7fb8e6,Kolkata,$1.97,05/05/2020
77241b71-8c40-4460-8d4b-0e805e7fb8e6,Kolkata,$8.76,12/22/2019
77241b71-8c40-4460-8d4b-0e805e7fb8e6,Mumbai,$3.57,12/22/2019
77241b71-8c40-4460-8d4b-0e805e7fb8e6,Mumbai,$6.13,02/05/2020
77241b71-8c40-4460-8d4b-0e805e7fb8e6,Mumbai,$9.74,05/24/2020
76e22fd2-3c30-486d-8efd-222da73b3fd5,Bangalore,$6.29,04/22/2020
76e22fd2-3c30-486d-8efd-222da73b3fd5,Bangalore,$1.20,01/06/2020
76e22fd2-3c30-486d-8efd-222da73b3fd5,Bangalore,$1.29,11/22/2019
76e22fd2-3c30-486d-8efd-222da73b3fd5,Bangalore,$0.88,04/04/2020
76e22fd2-3c30-486d-8efd-222da73b3fd5,Bangalore,$0.27,04/07/2020
76e22fd2-3c30-486d-8efd-222da73b3fd5,Chennai,$0.73,11/11/2019
76e22fd2-3c30-486d-8efd-222da73b3fd5,Chennai,$7.54,01/27/2020
76e22fd2-3c30-486d-8efd-222da73b3fd5,Chennai,$1.34,04/14/2020
76e22fd2-3c30-486d-8efd-222da73b3fd5,Chennai,$7.07,03/23/2020
76e22fd2-3c30-486d-8efd-222da73b3fd5,Delhi,$5.46,04/25/2020
76e22fd2-3c30-486d-8efd-222da73b3fd5,Kolkata,$6.34,05/14/2020
76e22fd2-3c30-486d-8efd-222da73b3fd5,Kolkata,$7.67,02/13/2020
76e22fd2-3c30-486d-8efd-222da73b3fd5,Kolkata,$2.39,12/03/2019
76e22fd2-3c30-486d-8efd-222da73b3fd5,Mumbai,$1.62,06/13/2019
e1823a77-7fb7-48fc-8df2-1192e2c6cd11,Bangalore,$0.18,09/16/2019
e1823a77-7fb7-48fc-8df2-1192e2c6cd11,Bangalore,$1.91,03/16/2020
e1823a77-7fb7-48fc-8df2-1192e2c6cd11,Bangalore,$2.65,06/25/2019
e1823a77-7fb7-48fc-8df2-1192e2c6cd11,Chennai,$2.16,06/28/2019
e1823a77-7fb7-48fc-8df2-1192e2c6cd11,Delhi,$9.30,07/31/2019
e1823a77-7fb7-48fc-8df2-1192e2c6cd11,Delhi,$8.65,09/16/2019
e1823a77-7fb7-48fc-8df2-1192e2c6cd11,Delhi,$5.98,08/13/2019
e1823a77-7fb7-48fc-8df2-1192e2c6cd11,Delhi,$3.46,10/18/2019
e1823a77-7fb7-48fc-8df2-1192e2c6cd11,Kolkata,$5.88,09/25/2019
e1823a77-7fb7-48fc-8df2-1192e2c6cd11,Kolkata,$9.42,12/10/2019
e1823a77-7fb7-48fc-8df2-1192e2c6cd11,Kolkata,$2.53,05/15/2020
e1823a77-7fb7-48fc-8df2-1192e2c6cd11,Mumbai,$7.81,03/31/2020
56db50b8-7195-430d-9db6-a2410652cbd3,Bangalore,$1.81,07/31/2019
56db50b8-7195-430d-9db6-a2410652cbd3,Bangalore,$5.71,11/06/2019
56db50b8-7195-430d-9db6-a2410652cbd3,Bangalore,$3.13,10/02/2019
56db50b8-7195-430d-9db6-a2410652cbd3,Bangalore,$9.30,03/23/2020
56db50b8-7195-430d-9db6-a2410652cbd3,Bangalore,$5.53,07/27/2019
56db50b8-7195-430d-9db6-a2410652cbd3,Chennai,$7.13,08/08/2019
56db50b8-7195-430d-9db6-a2410652cbd3,Delhi,$4.44,07/04/2019
56db50b8-7195-430d-9db6-a2410652cbd3,Kolkata,$3.81,04/24/2020
56db50b8-7195-430d-9db6-a2410652cbd3,Kolkata,$2.85,06/17/2019
56db50b8-7195-430d-9db6-a2410652cbd3,Kolkata,$6.63,08/10/2019
56db50b8-7195-430d-9db6-a2410652cbd3,Mumbai,$5.80,06/27/2019
0f815487-fddc-4150-bb3c-7c0d8f79be1d,Bangalore,$4.03,08/06/2019
0f815487-fddc-4150-bb3c-7c0d8f79be1d,Bangalore,$0.30,02/24/2020
0f815487-fddc-4150-bb3c-7c0d8f79be1d,Bangalore,$0.31,11/21/2019
0f815487-fddc-4150-bb3c-7c0d8f79be1d,Bangalore,$1.07,01/13/2020
0f815487-fddc-4150-bb3c-7c0d8f79be1d,Chennai,$5.57,03/28/2020
0f815487-fddc-4150-bb3c-7c0d8f79be1d,Delhi,$5.85,04/19/2020
0f815487-fddc-4150-bb3c-7c0d8f79be1d,Kolkata,$0.89,08/15/2019
0f815487-fddc-4150-bb3c-7c0d8f79be1d,Kolkata,$8.91,12/02/2019
0f815487-fddc-4150-bb3c-7c0d8f79be1d,Kolkata,$3.36,01/15/2020
0f815487-fddc-4150-bb3c-7c0d8f79be1d,Mumbai,$3.39,12/25/2019
0f815487-fddc-4150-bb3c-7c0d8f79be1d,Mumbai,$3.91,01/13/2020
0f815487-fddc-4150-bb3c-7c0d8f79be1d,Mumbai,$2.79,02/07/2020
0f815487-fddc-4150-bb3c-7c0d8f79be1d,Mumbai,$4.33,01/05/2020
1bf0548b-7efa-4c1d-b294-529b6dc5ce4f,Bangalore,$3.13,05/06/2020
1bf0548b-7efa-4c1d-b294-529b6dc5ce4f,Bangalore,$5.81,12/02/2019
1bf0548b-7efa-4c1d-b294-529b6dc5ce4f,Bangalore,$8.38,04/02/2020
1bf0548b-7efa-4c1d-b294-529b6dc5ce4f,Bangalore,$5.66,03/27/2020
1bf0548b-7efa-4c1d-b294-529b6dc5ce4f,Chennai,$9.34,04/05/2020
1bf0548b-7efa-4c1d-b294-529b6dc5ce4f,Chennai,$2.33,05/08/2020
1bf0548b-7efa-4c1d-b294-529b6dc5ce4f,Delhi,$7.69,08/26/2019
1bf0548b-7efa-4c1d-b294-529b6dc5ce4f,Delhi,$0.65,11/22/2019
1bf0548b-7efa-4c1d-b294-529b6dc5ce4f,Delhi,$6.31,07/07/2019
1bf0548b-7efa-4c1d-b294-529b6dc5ce4f,Delhi,$0.16,09/08/2019
1bf0548b-7efa-4c1d-b294-529b6dc5ce4f,Delhi,$5.05,01/26/2020
1bf0548b-7efa-4c1d-b294-529b6dc5ce4f,Kolkata,$7.71,06/18/2019
1bf0548b-7efa-4c1d-b294-529b6dc5ce4f,Kolkata,$3.66,05/04/2020
1bf0548b-7efa-4c1d-b294-529b6dc5ce4f,Kolkata,$8.94,11/16/2019
1bf0548b-7efa-4c1d-b294-529b6dc5ce4f,Kolkata,$7.31,11/06/2019
1bf0548b-7efa-4c1d-b294-529b6dc5ce4f,Mumbai,$1.59,05/28/2019
1bf0548b-7efa-4c1d-b294-529b6dc5ce4f,Mumbai,$1.26,05/06/2020
1bf0548b-7efa-4c1d-b294-529b6dc5ce4f,Mumbai,$1.33,11/22/2019
1fbf96fe-855b-42c0-a553-5df2854116ca,Bangalore,$7.72,02/21/2020
1fbf96fe-855b-42c0-a553-5df2854116ca,Chennai,$8.95,08/23/2019
1fbf96fe-855b-42c0-a553-5df2854116ca,Chennai,$2.32,06/10/2019
1fbf96fe-855b-42c0-a553-5df2854116ca,Chennai,$7.43,02/12/2020
1fbf96fe-855b-42c0-a553-5df2854116ca,Delhi,$3.45,01/16/2020
1fbf96fe-855b-42c0-a553-5df2854116ca,Delhi,$2.13,12/05/2019
1fbf96fe-855b-42c0-a553-5df2854116ca,Delhi,$1.27,06/30/2019
1fbf96fe-855b-42c0-a553-5df2854116ca,Delhi,$9.03,12/09/2019
1fbf96fe-855b-42c0-a553-5df2854116ca,Kolkata,$1.31,08/04/2019
1fbf96fe-855b-42c0-a553-5df2854116ca,Kolkata,$7.16,05/22/2020
1fbf96fe-855b-42c0-a553-5df2854116ca,Kolkata,$3.09,08/09/2019
1fbf96fe-855b-42c0-a553-5df2854116ca,Mumbai,$4.67,06/03/2019
1fbf96fe-855b-42c0-a553-5df2854116ca,Mumbai,$8.20,09/15/2019
1fbf96fe-855b-42c0-a553-5df2854116ca,Mumbai,$2.01,11/19/2019
1fbf96fe-855b-42c0-a553-5df2854116ca,Mumbai,$8.51,05/04/2020
1fbf96fe-855b-42c0-a553-5df2854116ca,Mumbai,$5.22,08/17/2019
6004f387-b7cf-4252-9b55-f743467562c0,Bangalore,$8.12,06/30/2019
6004f387-b7cf-4252-9b55-f743467562c0,Chennai,$2.22,10/01/2019
6004f387-b7cf-4252-9b55-f743467562c0,Chennai,$4.91,01/17/2020
6004f387-b7cf-4252-9b55-f743467562c0,Chennai,$1.61,10/20/2019
6004f387-b7cf-4252-9b55-f743467562c0,Delhi,$5.00,10/13/2019
6004f387-b7cf-4252-9b55-f743467562c0,Delhi,$2.14,04/26/2020
6004f387-b7cf-4252-9b55-f743467562c0,Kolkata,$4.41,06/06/2019
6004f387-b7cf-4252-9b55-f743467562c0,Kolkata,$6.62,06/29/2019
6004f387-b7cf-4252-9b55-f743467562c0,Mumbai,$0.52,01/21/2020
6004f387-b7cf-4252-9b55-f743467562c0,Mumbai,$8.97,09/28/2019
6004f387-b7cf-4252-9b55-f743467562c0,Mumbai,$8.67,07/30/2019
6004f387-b7cf-4252-9b55-f743467562c0,Mumbai,$5.29,04/15/2020
6004f387-b7cf-4252-9b55-f743467562c0,Mumbai,$3.42,11/26/2019
d71e60c0-1ff7-4f12-b3be-a4ffb05be0c7,Bangalore,$3.75,11/01/2019
d71e60c0-1ff7-4f12-b3be-a4ffb05be0c7,Bangalore,$7.27,03/06/2020
d71e60c0-1ff7-4f12-b3be-a4ffb05be0c7,Bangalore,$9.63,12/27/2019
d71e60c0-1ff7-4f12-b3be-a4ffb05be0c7,Bangalore,$7.78,05/13/2020
d71e60c0-1ff7-4f12-b3be-a4ffb05be0c7,Chennai,$4.38,09/11/2019
d71e60c0-1ff7-4f12-b3be-a4ffb05be0c7,Delhi,$7.35,12/04/2019
d71e60c0-1ff7-4f12-b3be-a4ffb05be0c7,Delhi,$8.59,12/07/2019
d71e60c0-1ff7-4f12-b3be-a4ffb05be0c7,Delhi,$5.95,12/07/2019
d71e60c0-1ff7-4f12-b3be-a4ffb05be0c7,Delhi,$5.89,11/26/2019
d71e60c0-1ff7-4f12-b3be-a4ffb05be0c7,Kolkata,$3.98,07/10/2019
d71e60c0-1ff7-4f12-b3be-a4ffb05be0c7,Kolkata,$7.58,11/12/2019
d71e60c0-1ff7-4f12-b3be-a4ffb05be0c7,Kolkata,$2.87,06/13/2019
d71e60c0-1ff7-4f12-b3be-a4ffb05be0c7,Kolkata,$0.88,07/09/2019
d71e60c0-1ff7-4f12-b3be-a4ffb05be0c7,Mumbai,$2.86,09/06/2019
d71e60c0-1ff7-4f12-b3be-a4ffb05be0c7,Mumbai,$1.36,07/23/2019
d71e60c0-1ff7-4f12-b3be-a4ffb05be0c7,Mumbai,$0.11,11/12/2019
d71e60c0-1ff7-4f12-b3be-a4ffb05be0c7,Mumbai,$1.16,12/15/2019
d71e60c0-1ff7-4f12-b3be-a4ffb05be0c7,Mumbai,$2.30,10/26/2019
2b4fa235-f723-43f7-8bc8-587ae8b4f511,Bangalore,$8.82,04/23/2020
2b4fa235-f723-43f7-8bc8-587ae8b4f511,Bangalore,$6.32,12/28/2019
2b4fa235-f723-43f7-8bc8-587ae8b4f511,Bangalore,$2.99,01/23/2020
2b4fa235-f723-43f7-8bc8-587ae8b4f511,Bangalore,$1.13,07/08/2019
2b4fa235-f723-43f7-8bc8-587ae8b4f511,Chennai,$2.52,08/31/2019
2b4fa235-f723-43f7-8bc8-587ae8b4f511,Chennai,$2.80,03/08/2020
2b4fa235-f723-43f7-8bc8-587ae8b4f511,Chennai,$8.21,08/26/2019
2b4fa235-f723-43f7-8bc8-587ae8b4f511,Chennai,$0.58,12/21/2019
2b4fa235-f723-43f7-8bc8-587ae8b4f511,Delhi,$0.46,09/29/2019
2b4fa235-f723-43f7-8bc8-587ae8b4f511,Kolkata,$6.34,09/29/2019
2b4fa235-f723-43f7-8bc8-587ae8b4f511,Mumbai,$7.49,07/09/2019
3bc45d76-e58b-4943-8235-e8dcbdf86e7f,Bangalore,$0.69,05/01/2020
3bc45d76-e58b-4943-8235-e8dcbdf86e7f,Bangalore,$2.08,12/27/2019
3bc45d76-e58b-4943-8235-e8dcbdf86e7f,Chennai,$2.67,12/05/2019
3bc45d76-e58b-4943-8235-e8dcbdf86e7f,Delhi,$1.25,04/13/2020
3bc45d76-e58b-4943-8235-e8dcbdf86e7f,Delhi,$3.98,09/05/2019
3bc45d76-e58b-4943-8235-e8dcbdf86e7f,Kolkata,$3.98,07/05/2019
3bc45d76-e58b-4943-8235-e8dcbdf86e7f,Kolkata,$3.71,02/22/2020
3bc45d76-e58b-4943-8235-e8dcbdf86e7f,Kolkata,$9.27,09/21/2019
3bc45d76-e58b-4943-8235-e8dcbdf86e7f,Kolkata,$3.19,05/10/2020
3bc45d76-e58b-4943-8235-e8dcbdf86e7f,Kolkata,$3.60,01/14/2020
3bc45d76-e58b-4943-8235-e8dcbdf86e7f,Mumbai,$2.58,01/16/2020
3bc45d76-e58b-4943-8235-e8dcbdf86e7f,Mumbai,$9.53,05/19/2020
3bc45d76-e58b-4943-8235-e8dcbdf86e7f,Mumbai,$6.44,03/22/2020
3bc45d76-e58b-4943-8235-e8dcbdf86e7f,Mumbai,$8.89,10/25/2019
f646993a-8b7b-483d-a4b6-264b47ca0617,Bangalore,$1.90,09/08/2019
f646993a-8b7b-483d-a4b6-264b47ca0617,Bangalore,$1.43,01/25/2020
f646993a-8b7b-483d-a4b6-264b47ca0617,Bangalore,$3.76,09/12/2019
f646993a-8b7b-483d-a4b6-264b47ca0617,Bangalore,$9.88,09/27/2019
f646993a-8b7b-483d-a4b6-264b47ca0617,Bangalore,$3.84,11/08/2019
f646993a-8b7b-483d-a4b6-264b47ca0617,Chennai,$5.04,05/21/2020
f646993a-8b7b-483d-a4b6-264b47ca0617,Chennai,$6.56,12/09/2019
f646993a-8b7b-483d-a4b6-264b47ca0617,Chennai,$9.80,06/05/2019
f646993a-8b7b-483d-a4b6-264b47ca0617,Delhi,$9.52,09/25/2019
f646993a-8b7b-483d-a4b6-264b47ca0617,Delhi,$1.48,09/06/2019
f646993a-8b7b-483d-a4b6-264b47ca0617,Delhi,$0.50,06/17/2019
f646993a-8b7b-483d-a4b6-264b47ca0617,Delhi,$7.95,11/14/2019
f646993a-8b7b-483d-a4b6-264b47ca0617,Delhi,$3.53,07/26/2019
f646993a-8b7b-483d-a4b6-264b47ca0617,Kolkata,$4.98,07/28/2019
f646993a-8b7b-483d-a4b6-264b47ca0617,Mumbai,$5.65,02/06/2020
f646993a-8b7b-483d-a4b6-264b47ca0617,Mumbai,$6.91,07/18/2019
f646993a-8b7b-483d-a4b6-264b47ca0617,Mumbai,$8.46,06/07/2019
80ee4922-a9b1-4d90-814b-e215330603f7,Bangalore,$6.36,05/12/2020
80ee4922-a9b1-4d90-814b-e215330603f7,Bangalore,$7.69,02/14/2020
80ee4922-a9b1-4d90-814b-e215330603f7,Chennai,$6.07,09/19/2019
80ee4922-a9b1-4d90-814b-e215330603f7,Delhi,$9.20,07/18/2019
80ee4922-a9b1-4d90-814b-e215330603f7,Kolkata,$6.37,07/11/2019
80ee4922-a9b1-4d90-814b-e215330603f7,Kolkata,$4.29,03/08/2020
80ee4922-a9b1-4d90-814b-e215330603f7,Kolkata,$3.51,08/29/2019
80ee4922-a9b1-4d90-814b-e215330603f7,Kolkata,$4.84,04/30/2020
80ee4922-a9b1-4d90-814b-e215330603f7,Mumbai,$2.00,07/13/2019
80ee4922-a9b1-4d90-814b-e215330603f7,Mumbai,$5.69,09/01/2019
2ca96b82-701b-43c9-b386-bd2107a9d1f2,Bangalore,$6.37,10/19/2019
2ca96b82-701b-43c9-b386-bd2107a9d1f2,Chennai,$1.72,11/30/2019
2ca96b82-701b-43c9-b386-bd2107a9d1f2,Chennai,$8.29,12/05/2019
2ca96b82-701b-43c9-b386-bd2107a9d1f2,Chennai,$5.07,08/07/2019
2ca96b82-701b-43c9-b386-bd2107a9d1f2,Chennai,$9.57,05/27/2019
2ca96b82-701b-43c9-b386-bd2107a9d1f2,Delhi,$9.78,02/09/2020
2ca96b82-701b-43c9-b386-bd2107a9d1f2,Delhi,$7.59,12/03/2019
2ca96b82-701b-43c9-b386-bd2107a9d1f2,Delhi,$0.40,12/04/2019
2ca96b82-701b-43c9-b386-bd2107a9d1f2,Kolkata,$3.70,10/14/2019
2ca96b82-701b-43c9-b386-bd2107a9d1f2,Kolkata,$6.39,05/22/2020
2ca96b82-701b-43c9-b386-bd2107a9d1f2,Kolkata,$5.66,09/22/2019
2ca96b82-701b-43c9-b386-bd2107a9d1f2,Kolkata,$0.57,08/09/2019
2ca96b82-701b-43c9-b386-bd2107a9d1f2,Mumbai,$3.73,01/12/2020
2ca96b82-701b-43c9-b386-bd2107a9d1f2,Mumbai,$1.39,10/16/2019
2ca96b82-701b-43c9-b386-bd2107a9d1f2,Mumbai,$2.73,06/27/2019
e80240d9-a292-41ea-8449-85a95fe95620,Bangalore,$6.15,04/22/2020
e80240d9-a292-41ea-8449-85a95fe95620,Bangalore,$7.65,05/24/2020
e80240d9-a292-41ea-8449-85a95fe95620,Bangalore,$8.91,01/15/2020
e80240d9-a292-41ea-8449-85a95fe95620,Bangalore,$4.96,08/31/2019
e80240d9-a292-41ea-8449-85a95fe95620,Bangalore,$2.59,02/21/2020
e80240d9-a292-41ea-8449-85a95fe95620,Chennai,$9.88,11/05/2019
e80240d9-a292-41ea-8449-85a95fe95620,Chennai,$9.71,08/09/2019
e80240d9-a292-41ea-8449-85a95fe95620,Chennai,$7.34,09/29/2019
e80240d9-a292-41ea-8449-85a95fe95620,Chennai,$9.72,01/08/2020
e80240d9-a292-41ea-8449-85a95fe95620,Chennai,$7.95,09/05/2019
e80240d9-a292-41ea-8449-85a95fe95620,Delhi,$6.15,08/18/2019
e80240d9-a292-41ea-8449-85a95fe95620,Delhi,$7.44,03/15/2020
e80240d9-a292-41ea-8449-85a95fe95620,Delhi,$5.90,02/26/2020
e80240d9-a292-41ea-8449-85a95fe95620,Kolkata,$8.86,11/12/2019
e80240d9-a292-41ea-8449-85a95fe95620,Mumbai,$2.84,10/11/2019
e80240d9-a292-41ea-8449-85a95fe95620,Mumbai,$5.59,12/05/2019
e80240d9-a292-41ea-8449-85a95fe95620,Mumbai,$2.76,10/25/2019
e80240d9-a292-41ea-8449-85a95fe95620,Mumbai,$0.96,08/15/2019
0719ae84-84c8-48df-a83b-6f78c322f34d,Bangalore,$9.51,05/17/2020
0719ae84-84c8-48df-a83b-6f78c322f34d,Bangalore,$5.61,06/30/2019
0719ae84-84c8-48df-a83b-6f78c322f34d,Bangalore,$8.82,10/19/2019
0719ae84-84c8-48df-a83b-6f78c322f34d,Bangalore,$6.07,06/13/2019
0719ae84-84c8-48df-a83b-6f78c322f34d,Chennai,$2.54,12/22/2019
0719ae84-84c8-48df-a83b-6f78c322f34d,Chennai,$5.13,04/09/2020
0719ae84-84c8-48df-a83b-6f78c322f34d,Chennai,$1.30,06/21/2019
0719ae84-84c8-48df-a83b-6f78c322f34d,Chennai,$8.32,08/08/2019
0719ae84-84c8-48df-a83b-6f78c322f34d,Chennai,$2.74,10/06/2019
0719ae84-84c8-48df-a83b-6f78c322f34d,Delhi,$0.38,07/27/2019
0719ae84-84c8-48df-a83b-6f78c322f34d,Delhi,$1.58,10/10/2019
0719ae84-84c8-48df-a83b-6f78c322f34d,Delhi,$0.49,05/08/2020
0719ae84-84c8-48df-a83b-6f78c322f34d,Kolkata,$1.25,12/21/2019
0719ae84-84c8-48df-a83b-6f78c322f34d,Kolkata,$9.93,05/07/2020
0719ae84-84c8-48df-a83b-6f78c322f34d,Mumbai,$6.76,10/17/2019
0719ae84-84c8-48df-a83b-6f78c322f34d,Mumbai,$0.07,12/05/2019
0719ae84-84c8-48df-a83b-6f78c322f34d,Mumbai,$7.71,03/01/2020
0719ae84-84c8-48df-a83b-6f78c322f34d,Mumbai,$9.02,09/25/2019
b71c04b7-de7a-4306-a4d2-78b8ae059428,Bangalore,$2.01,02/24/2020
b71c04b7-de7a-4306-a4d2-78b8ae059428,Bangalore,$1.89,05/09/2020
b71c04b7-de7a-4306-a4d2-78b8ae059428,Bangalore,$4.13,09/07/2019
b71c04b7-de7a-4306-a4d2-78b8ae059428,Chennai,$6.36,11/02/2019
b71c04b7-de7a-4306-a4d2-78b8ae059428,Chennai,$3.15,04/21/2020
b71c04b7-de7a-4306-a4d2-78b8ae059428,Chennai,$8.95,01/17/2020
b71c04b7-de7a-4306-a4d2-78b8ae059428,Chennai,$4.27,09/04/2019
b71c04b7-de7a-4306-a4d2-78b8ae059428,Chennai,$6.41,06/21/2019
b71c04b7-de7a-4306-a4d2-78b8ae059428,Delhi,$6.77,07/21/2019
b71c04b7-de7a-4306-a4d2-78b8ae059428,Delhi,$1.70,02/03/2020
b71c04b7-de7a-4306-a4d2-78b8ae059428,Kolkata,$5.79,02/01/2020
b71c04b7-de7a-4306-a4d2-78b8ae059428,Kolkata,$7.85,03/10/2020
b71c04b7-de7a-4306-a4d2-78b8ae059428,Kolkata,$8.68,12/20/2019
b71c04b7-de7a-4306-a4d2-78b8ae059428,Mumbai,$4.17,05/16/2020
b71c04b7-de7a-4306-a4d2-78b8ae059428,Mumbai,$5.39,03/30/2020
b71c04b7-de7a-4306-a4d2-78b8ae059428,Mumbai,$6.98,12/20/2019
009f3a1e-27ac-4931-9287-6be3efcacfe3,Bangalore,$7.31,03/05/2020
009f3a1e-27ac-4931-9287-6be3efcacfe3,Chennai,$2.31,02/12/2020
009f3a1e-27ac-4931-9287-6be3efcacfe3,Chennai,$4.10,02/02/2020
009f3a1e-27ac-4931-9287-6be3efcacfe3,Chennai,$4.25,03/21/2020
009f3a1e-27ac-4931-9287-6be3efcacfe3,Chennai,$7.42,03/09/2020
009f3a1e-27ac-4931-9287-6be3efcacfe3,Chennai,$8.73,09/04/2019
009f3a1e-27ac-4931-9287-6be3efcacfe3,Delhi,$5.78,09/01/2019
009f3a1e-27ac-4931-9287-6be3efcacfe3,Delhi,$8.57,04/26/2020
009f3a1e-27ac-4931-9287-6be3efcacfe3,Delhi,$5.06,07/15/2019
009f3a1e-27ac-4931-9287-6be3efcacfe3,Kolkata,$8.23,04/05/2020
009f3a1e-27ac-4931-9287-6be3efcacfe3,Kolkata,$8.32,03/13/2020
009f3a1e-27ac-4931-9287-6be3efcacfe3,Mumbai,$8.37,09/09/2019
009f3a1e-27ac-4931-9287-6be3efcacfe3,Mumbai,$0.95,08/29/2019
009f3a1e-27ac-4931-9287-6be3efcacfe3,Mumbai,$2.56,02/27/2020
009f3a1e-27ac-4931-9287-6be3efcacfe3,Mumbai,$4.56,08/13/2019
009f3a1e-27ac-4931-9287-6be3efcacfe3,Mumbai,$9.51,09/27/2019
6f251313-62b8-4e2b-9660-6cf699852a31,Bangalore,$5.44,09/16/2019
6f251313-62b8-4e2b-9660-6cf699852a31,Chennai,$1.37,09/25/2019
6f251313-62b8-4e2b-9660-6cf699852a31,Chennai,$3.51,08/05/2019
6f251313-62b8-4e2b-9660-6cf699852a31,Chennai,$4.35,09/10/2019
6f251313-62b8-4e2b-9660-6cf699852a31,Chennai,$8.52,02/10/2020
6f251313-62b8-4e2b-9660-6cf699852a31,Chennai,$2.90,10/26/2019
6f251313-62b8-4e2b-9660-6cf699852a31,Delhi,$5.99,02/20/2020
6f251313-62b8-4e2b-9660-6cf699852a31,Delhi,$8.31,02/02/2020
6f251313-62b8-4e2b-9660-6cf699852a31,Kolkata,$0.36,05/26/2019
6f251313-62b8-4e2b-9660-6cf699852a31,Kolkata,$4.50,04/13/2020
6f251313-62b8-4e2b-9660-6cf699852a31,Kolkata,$3.40,08/06/2019
6f251313-62b8-4e2b-9660-6cf699852a31,Mumbai,$7.72,05/09/2020
6f251313-62b8-4e2b-9660-6cf699852a31,Mumbai,$5.56,01/14/2020
6f251313-62b8-4e2b-9660-6cf699852a31,Mumbai,$2.84,11/18/2019
6f251313-62b8-4e2b-9660-6cf699852a31,Mumbai,$5.88,03/22/2020
6f251313-62b8-4e2b-9660-6cf699852a31,Mumbai,$1.76,05/19/2020
66729580-d036-475f-9c88-176027d02c58,Bangalore,$5.69,10/04/2019
66729580-d036-475f-9c88-176027d02c58,Bangalore,$5.71,11/27/2019
66729580-d036-475f-9c88-176027d02c58,Bangalore,$4.52,06/05/2019
66729580-d036-475f-9c88-176027d02c58,Bangalore,$2.50,01/12/2020
66729580-d036-475f-9c88-176027d02c58,Chennai,$8.28,11/07/2019
66729580-d036-475f-9c88-176027d02c58,Chennai,$1.52,09/23/2019
66729580-d036-475f-9c88-176027d02c58,Chennai,$6.79,09/04/2019
66729580-d036-475f-9c88-176027d02c58,Chennai,$0.69,05/19/2020
66729580-d036-475f-9c88-176027d02c58,Chennai,$5.93,12/07/2019
66729580-d036-475f-9c88-176027d02c58,Delhi,$7.47,04/06/2020
66729580-d036-475f-9c88-176027d02c58,Delhi,$4.75,02/05/2020
66729580-d036-475f-9c88-176027d02c58,Delhi,$3.47,03/25/2020
66729580-d036-475f-9c88-176027d02c58,Kolkata,$1.63,10/08/2019
66729580-d036-475f-9c88-176027d02c58,Kolkata,$9.64,03/26/2020
66729580-d036-475f-9c88-176027d02c58,Kolkata,$9.80,10/29/2019
66729580-d036-475f-9c88-176027d02c58,Mumbai,$2.32,06/28/2019
66729580-d036-475f-9c88-176027d02c58,Mumbai,$9.65,05/01/2020
334cfcf4-6cb7-4c28-ac45-31a2bac17143,Bangalore,$3.35,04/16/2020
334cfcf4-6cb7-4c28-ac45-31a2bac17143,Chennai,$5.80,02/02/2020
334cfcf4-6cb7-4c28-ac45-31a2bac17143,Chennai,$1.53,07/22/2019
334cfcf4-6cb7-4c28-ac45-31a2bac17143,Chennai,$5.12,10/13/2019
334cfcf4-6cb7-4c28-ac45-31a2bac17143,Chennai,$9.34,10/21/2019
334cfcf4-6cb7-4c28-ac45-31a2bac17143,Delhi,$5.15,11/24/2019
334cfcf4-6cb7-4c28-ac45-31a2bac17143,Kolkata,$9.32,09/26/2019
334cfcf4-6cb7-4c28-ac45-31a2bac17143,Kolkata,$2.46,07/04/2019
334cfcf4-6cb7-4c28-ac45-31a2bac17143,Mumbai,$8.47,05/05/2020
5a7a9b53-330a-4bef-8c6e-12b15e3f530d,Bangalore,$4.70,11/21/2019
5a7a9b53-330a-4bef-8c6e-12b15e3f530d,Chennai,$6.56,12/29/2019
5a7a9b53-330a-4bef-8c6e-12b15e3f530d,Delhi,$8.49,01/05/2020
5a7a9b53-330a-4bef-8c6e-12b15e3f530d,Delhi,$4.64,09/17/2019
5a7a9b53-330a-4bef-8c6e-12b15e3f530d,Delhi,$8.96,09/10/2019
5a7a9b53-330a-4bef-8c6e-12b15e3f530d,Delhi,$5.42,04/16/2020
5a7a9b53-330a-4bef-8c6e-12b15e3f530d,Delhi,$7.76,01/27/2020
5a7a9b53-330a-4bef-8c6e-12b15e3f530d,Kolkata,$1.75,08/06/2019
5a7a9b53-330a-4bef-8c6e-12b15e3f530d,Kolkata,$5.97,09/10/2019
5a7a9b53-330a-4bef-8c6e-12b15e3f530d,Mumbai,$6.11,01/25/2020
5a7a9b53-330a-4bef-8c6e-12b15e3f530d,Mumbai,$4.37,02/15/2020
5a7a9b53-330a-4bef-8c6e-12b15e3f530d,Mumbai,$8.14,10/30/2019
91b8e0c5-7c71-4772-94b5-e3bf0684baba,Bangalore,$2.00,05/07/2020
91b8e0c5-7c71-4772-94b5-e3bf0684baba,Bangalore,$7.90,05/01/2020
91b8e0c5-7c71-4772-94b5-e3bf0684baba,Bangalore,$3.45,02/05/2020
91b8e0c5-7c71-4772-94b5-e3bf0684baba,Bangalore,$1.32,07/22/2019
91b8e0c5-7c71-4772-94b5-e3bf0684baba,Bangalore,$8.45,09/28/2019
91b8e0c5-7c71-4772-94b5-e3bf0684baba,Chennai,$7.27,08/15/2019
91b8e0c5-7c71-4772-94b5-e3bf0684baba,Chennai,$0.16,03/19/2020
91b8e0c5-7c71-4772-94b5-e3bf0684baba,Chennai,$2.05,04/05/2020
91b8e0c5-7c71-4772-94b5-e3bf0684baba,Delhi,$2.12,05/09/2020
91b8e0c5-7c71-4772-94b5-e3bf0684baba,Delhi,$3.15,05/29/2019
91b8e0c5-7c71-4772-94b5-e3bf0684baba,Delhi,$0.12,06/29/2019
91b8e0c5-7c71-4772-94b5-e3bf0684baba,Delhi,$8.85,09/14/2019
91b8e0c5-7c71-4772-94b5-e3bf0684baba,Delhi,$9.90,03/08/2020
91b8e0c5-7c71-4772-94b5-e3bf0684baba,Kolkata,$9.41,04/03/2020
91b8e0c5-7c71-4772-94b5-e3bf0684baba,Kolkata,$7.26,08/15/2019
91b8e0c5-7c71-4772-94b5-e3bf0684baba,Kolkata,$9.75,08/25/2019
91b8e0c5-7c71-4772-94b5-e3bf0684baba,Mumbai,$5.97,10/17/2019
91b8e0c5-7c71-4772-94b5-e3bf0684baba,Mumbai,$4.38,04/16/2020
e51cc487-915a-446b-8f88-95eaedcee130,Bangalore,$5.96,02/13/2020
e51cc487-915a-446b-8f88-95eaedcee130,Bangalore,$2.03,04/19/2020
e51cc487-915a-446b-8f88-95eaedcee130,Chennai,$4.54,04/21/2020
e51cc487-915a-446b-8f88-95eaedcee130,Chennai,$1.76,11/05/2019
e51cc487-915a-446b-8f88-95eaedcee130,Chennai,$4.33,08/16/2019
e51cc487-915a-446b-8f88-95eaedcee130,Chennai,$0.40,07/20/2019
e51cc487-915a-446b-8f88-95eaedcee130,Delhi,$7.88,12/09/2019
e51cc487-915a-446b-8f88-95eaedcee130,Delhi,$2.23,07/08/2019
e51cc487-915a-446b-8f88-95eaedcee130,Delhi,$1.94,03/29/2020
e51cc487-915a-446b-8f88-95eaedcee130,Delhi,$4.17,05/10/2020
e51cc487-915a-446b-8f88-95eaedcee130,Delhi,$8.39,07/18/2019
e51cc487-915a-446b-8f88-95eaedcee130,Kolkata,$1.81,02/08/2020
e51cc487-915a-446b-8f88-95eaedcee130,Kolkata,$4.14,07/25/2019
e51cc487-915a-446b-8f88-95eaedcee130,Kolkata,$0.13,03/16/2020
e51cc487-915a-446b-8f88-95eaedcee130,Mumbai,$7.87,11/26/2019
e51cc487-915a-446b-8f88-95eaedcee130,Mumbai,$7.36,07/03/2019
e51cc487-915a-446b-8f88-95eaedcee130,Mumbai,$7.62,07/24/2019
e51cc487-915a-446b-8f88-95eaedcee130,Mumbai,$9.97,08/14/2019
e51cc487-915a-446b-8f88-95eaedcee130,Mumbai,$5.29,01/15/2020
f0ecd669-9d27-46ae-ba38-f3bf67e1c905,Bangalore,$1.02,03/12/2020
f0ecd669-9d27-46ae-ba38-f3bf67e1c905,Bangalore,$3.54,07/16/2019
f0ecd669-9d27-46ae-ba38-f3bf67e1c905,Bangalore,$9.79,10/05/2019
f0ecd669-9d27-46ae-ba38-f3bf67e1c905,Bangalore,$8.10,04/13/2020
f0ecd669-9d27-46ae-ba38-f3bf67e1c905,Chennai,$1.52,06/09/2019
f0ecd669-9d27-46ae-ba38-f3bf67e1c905,Chennai,$3.61,06/12/2019
f0ecd669-9d27-46ae-ba38-f3bf67e1c905,Chennai,$2.22,08/01/2019
f0ecd669-9d27-46ae-ba38-f3bf67e1c905,Chennai,$1.83,03/13/2020
f0ecd669-9d27-46ae-ba38-f3bf67e1c905,Chennai,$1.51,06/08/2019
f0ecd669-9d27-46ae-ba38-f3bf67e1c905,Delhi,$3.72,03/15/2020
f0ecd669-9d27-46ae-ba38-f3bf67e1c905,Kolkata,$7.48,12/21/2019
f0ecd669-9d27-46ae-ba38-f3bf67e1c905,Kolkata,$5.90,07/04/2019
f0ecd669-9d27-46ae-ba38-f3bf67e1c905,Kolkata,$8.68,06/20/2019
f0ecd669-9d27-46ae-ba38-f3bf67e1c905,Kolkata,$9.26,11/23/2019
f0ecd669-9d27-46ae-ba38-f3bf67e1c905,Mumbai,$1.55,06/18/2019
f0ecd669-9d27-46ae-ba38-f3bf67e1c905,Mumbai,$9.35,12/29/2019
e9819a35-5ff9-4aee-9ac1-ba971a389541,Bangalore,$8.79,04/26/2020
e9819a35-5ff9-4aee-9ac1-ba971a389541,Bangalore,$3.41,05/23/2020
e9819a35-5ff9-4aee-9ac1-ba971a389541,Bangalore,$1.75,11/21/2019
e9819a35-5ff9-4aee-9ac1-ba971a389541,Bangalore,$7.38,05/11/2020
e9819a35-5ff9-4aee-9ac1-ba971a389541,Bangalore,$4.56,03/23/2020
e9819a35-5ff9-4aee-9ac1-ba971a389541,Chennai,$5.46,08/04/2019
e9819a35-5ff9-4aee-9ac1-ba971a389541,Chennai,$8.07,09/10/2019
e9819a35-5ff9-4aee-9ac1-ba971a389541,Chennai,$2.45,11/02/2019
e9819a35-5ff9-4aee-9ac1-ba971a389541,Delhi,$9.95,08/22/2019
e9819a35-5ff9-4aee-9ac1-ba971a389541,Delhi,$4.53,10/24/2019
e9819a35-5ff9-4aee-9ac1-ba971a389541,Delhi,$1.02,02/28/2020
e9819a35-5ff9-4aee-9ac1-ba971a389541,Kolkata,$3.51,03/31/2020
e9819a35-5ff9-4aee-9ac1-ba971a389541,Kolkata,$6.21,12/02/2019
e9819a35-5ff9-4aee-9ac1-ba971a389541,Mumbai,$9.39,02/19/2020
e9819a35-5ff9-4aee-9ac1-ba971a389541,Mumbai,$7.64,11/10/2019
4bc65556-75ff-4ae5-bc40-69600fdb4397,Bangalore,$0.61,07/28/2019
4bc65556-75ff-4ae5-bc40-69600fdb4397,Bangalore,$0.95,06/07/2019
4bc65556-75ff-4ae5-bc40-69600fdb4397,Bangalore,$2.36,11/08/2019
4bc65556-75ff-4ae5-bc40-69600fdb4397,Chennai,$2.95,10/14/2019
4bc65556-75ff-4ae5-bc40-69600fdb4397,Chennai,$0.43,05/15/2020
4bc65556-75ff-4ae5-bc40-69600fdb4397,Chennai,$4.97,03/26/2020
4bc65556-75ff-4ae5-bc40-69600fdb4397,Chennai,$1.80,12/09/2019
4bc65556-75ff-4ae5-bc40-69600fdb4397,Chennai,$7.75,01/24/2020
4bc65556-75ff-4ae5-bc40-69600fdb4397,Delhi,$6.54,11/20/2019
4bc65556-75ff-4ae5-bc40-69600fdb4397,Delhi,$3.33,03/18/2020
4bc65556-75ff-4ae5-bc40-69600fdb4397,Delhi,$9.48,11/12/2019
4bc65556-75ff-4ae5-bc40-69600fdb4397,Delhi,$0.98,09/07/2019
4bc65556-75ff-4ae5-bc40-69600fdb4397,Delhi,$8.88,11/17/2019
4bc65556-75ff-4ae5-bc40-69600fdb4397,Kolkata,$4.61,05/17/2020
4bc65556-75ff-4ae5-bc40-69600fdb4397,Kolkata,$4.73,11/28/2019
4bc65556-75ff-4ae5-bc40-69600fdb4397,Kolkata,$8.79,10/23/2019
4bc65556-75ff-4ae5-bc40-69600fdb4397,Kolkata,$8.26,01/04/2020
4bc65556-75ff-4ae5-bc40-69600fdb4397,Mumbai,$1.18,11/23/2019
4bc65556-75ff-4ae5-bc40-69600fdb4397,Mumbai,$9.33,08/25/2019
ad58753f-90c7-4266-b68c-6e5accba4675,Bangalore,$7.25,12/07/2019
ad58753f-90c7-4266-b68c-6e5accba4675,Bangalore,$7.68,10/28/2019
ad58753f-90c7-4266-b68c-6e5accba4675,Bangalore,$2.07,10/11/2019
ad58753f-90c7-4266-b68c-6e5accba4675,Bangalore,$3.26,07/18/2019
ad58753f-90c7-4266-b68c-6e5accba4675,Chennai,$1.89,03/15/2020
ad58753f-90c7-4266-b68c-6e5accba4675,Chennai,$8.33,11/13/2019
ad58753f-90c7-4266-b68c-6e5accba4675,Chennai,$3.75,03/07/2020
ad58753f-90c7-4266-b68c-6e5accba4675,Delhi,$5.10,01/24/2020
ad58753f-90c7-4266-b68c-6e5accba4675,Kolkata,$5.02,02/24/2020
ad58753f-90c7-4266-b68c-6e5accba4675,Kolkata,$2.98,11/04/2019
ad58753f-90c7-4266-b68c-6e5accba4675,Mumbai,$4.93,05/22/2020
522ef782-1a56-4666-b6ed-22f90834ea88,Bangalore,$9.18,12/26/2019
522ef782-1a56-4666-b6ed-22f90834ea88,Bangalore,$7.42,10/23/2019
522ef782-1a56-4666-b6ed-22f90834ea88,Chennai,$0.57,05/05/2020
522ef782-1a56-4666-b6ed-22f90834ea88,Chennai,$5.13,07/26/2019
522ef782-1a56-4666-b6ed-22f90834ea88,Delhi,$3.00,01/08/2020
522ef782-1a56-4666-b6ed-22f90834ea88,Kolkata,$3.35,01/10/2020
522ef782-1a56-4666-b6ed-22f90834ea88,Kolkata,$0.81,06/11/2019
522ef782-1a56-4666-b6ed-22f90834ea88,Kolkata,$9.78,06/13/2019
522ef782-1a56-4666-b6ed-22f90834ea88,Mumbai,$9.61,03/27/2020
522ef782-1a56-4666-b6ed-22f90834ea88,Mumbai,$6.47,04/04/2020
522ef782-1a56-4666-b6ed-22f90834ea88,Mumbai,$6.56,02/03/2020
522ef782-1a56-4666-b6ed-22f90834ea88,Mumbai,$3.27,06/11/2019
522ef782-1a56-4666-b6ed-22f90834ea88,Mumbai,$6.17,01/09/2020
0f778833-12af-464c-8168-58f72d6e1c17,Bangalore,$4.47,12/21/2019
0f778833-12af-464c-8168-58f72d6e1c17,Bangalore,$7.46,08/17/2019
0f778833-12af-464c-8168-58f72d6e1c17,Bangalore,$9.70,06/12/2019
0f778833-12af-464c-8168-58f72d6e1c17,Bangalore,$8.31,02/14/2020
0f778833-12af-464c-8168-58f72d6e1c17,Chennai,$2.10,05/23/2020
0f778833-12af-464c-8168-58f72d6e1c17,Chennai,$3.73,06/27/2019
0f778833-12af-464c-8168-58f72d6e1c17,Chennai,$4.46,08/09/2019
0f778833-12af-464c-8168-58f72d6e1c17,Delhi,$4.00,02/22/2020
0f778833-12af-464c-8168-58f72d6e1c17,Delhi,$4.52,08/01/2019
0f778833-12af-464c-8168-58f72d6e1c17,Delhi,$7.86,04/11/2020
0f778833-12af-464c-8168-58f72d6e1c17,Delhi,$5.05,10/17/2019
0f778833-12af-464c-8168-58f72d6e1c17,Kolkata,$0.33,01/19/2020
0f778833-12af-464c-8168-58f72d6e1c17,Mumbai,$8.88,12/21/2019
0f778833-12af-464c-8168-58f72d6e1c17,Mumbai,$7.75,07/06/2019
0f778833-12af-464c-8168-58f72d6e1c17,Mumbai,$3.82,06/16/2019
0f778833-12af-464c-8168-58f72d6e1c17,Mumbai,$4.61,02/07/2020
de33afbf-64f9-4f47-8c79-6a0c4bd6a93b,Bangalore,$9.14,04/21/2020
de33afbf-64f9-4f47-8c79-6a0c4bd6a93b,Bangalore,$8.38,11/03/2019
de33afbf-64f9-4f47-8c79-6a0c4bd6a93b,Chennai,$5.34,10/05/2019
de33afbf-64f9-4f47-8c79-6a0c4bd6a93b,Chennai,$7.07,10/17/2019
de33afbf-64f9-4f47-8c79-6a0c4bd6a93b,Delhi,$5.67,05/15/2020
de33afbf-64f9-4f47-8c79-6a0c4bd6a93b,Delhi,$7.73,04/06/2020
de33afbf-64f9-4f47-8c79-6a0c4bd6a93b,Delhi,$7.93,04/05/2020
de33afbf-64f9-4f47-8c79-6a0c4bd6a93b,Delhi,$0.44,04/10/2020
de33afbf-64f9-4f47-8c79-6a0c4bd6a93b,Delhi,$9.06,09/06/2019
de33afbf-64f9-4f47-8c79-6a0c4bd6a93b,Kolkata,$8.82,03/02/2020
de33afbf-64f9-4f47-8c79-6a0c4bd6a93b,Kolkata,$0.40,07/02/2019
de33afbf-64f9-4f47-8c79-6a0c4bd6a93b,Kolkata,$1.46,08/24/2019
de33afbf-64f9-4f47-8c79-6a0c4bd6a93b,Mumbai,$7.60,10/12/2019
de33afbf-64f9-4f47-8c79-6a0c4bd6a93b,Mumbai,$1.71,09/27/2019
beecf8f8-d84b-46c1-8d93-d50a9f413da7,Bangalore,$0.51,04/04/2020
beecf8f8-d84b-46c1-8d93-d50a9f413da7,Bangalore,$0.45,09/30/2019
beecf8f8-d84b-46c1-8d93-d50a9f413da7,Bangalore,$8.30,12/05/2019
beecf8f8-d84b-46c1-8d93-d50a9f413da7,Bangalore,$3.71,11/17/2019
beecf8f8-d84b-46c1-8d93-d50a9f413da7,Chennai,$9.25,05/04/2020
beecf8f8-d84b-46c1-8d93-d50a9f413da7,Delhi,$7.56,03/26/2020
beecf8f8-d84b-46c1-8d93-d50a9f413da7,Delhi,$5.50,08/12/2019
beecf8f8-d84b-46c1-8d93-d50a9f413da7,Delhi,$6.69,03/30/2020
beecf8f8-d84b-46c1-8d93-d50a9f413da7,Delhi,$8.51,02/16/2020
beecf8f8-d84b-46c1-8d93-d50a9f413da7,Kolkata,$5.85,03/28/2020
beecf8f8-d84b-46c1-8d93-d50a9f413da7,Kolkata,$4.46,11/04/2019
beecf8f8-d84b-46c1-8d93-d50a9f413da7,Mumbai,$4.85,11/16/2019
beecf8f8-d84b-46c1-8d93-d50a9f413da7,Mumbai,$1.15,09/11/2019
beecf8f8-d84b-46c1-8d93-d50a9f413da7,Mumbai,$9.52,09/08/2019
beecf8f8-d84b-46c1-8d93-d50a9f413da7,Mumbai,$8.06,04/24/2020
beecf8f8-d84b-46c1-8d93-d50a9f413da7,Mumbai,$0.94,09/21/2019
f1f663d4-3b7c-4b9b-86b5-bddc5901ab60,Bangalore,$7.31,01/15/2020
f1f663d4-3b7c-4b9b-86b5-bddc5901ab60,Bangalore,$9.56,11/12/2019
f1f663d4-3b7c-4b9b-86b5-bddc5901ab60,Chennai,$6.43,10/13/2019
f1f663d4-3b7c-4b9b-86b5-bddc5901ab60,Chennai,$9.27,09/14/2019
f1f663d4-3b7c-4b9b-86b5-bddc5901ab60,Chennai,$0.77,02/21/2020
f1f663d4-3b7c-4b9b-86b5-bddc5901ab60,Delhi,$4.87,10/24/2019
f1f663d4-3b7c-4b9b-86b5-bddc5901ab60,Delhi,$8.46,07/02/2019
f1f663d4-3b7c-4b9b-86b5-bddc5901ab60,Delhi,$4.63,07/29/2019
f1f663d4-3b7c-4b9b-86b5-bddc5901ab60,Delhi,$8.06,07/31/2019
f1f663d4-3b7c-4b9b-86b5-bddc5901ab60,Delhi,$5.29,05/18/2020
f1f663d4-3b7c-4b9b-86b5-bddc5901ab60,Kolkata,$4.60,11/12/2019
f1f663d4-3b7c-4b9b-86b5-bddc5901ab60,Kolkata,$6.60,03/01/2020
f1f663d4-3b7c-4b9b-86b5-bddc5901ab60,Kolkata,$5.78,02/16/2020
f1f663d4-3b7c-4b9b-86b5-bddc5901ab60,Mumbai,$4.46,04/10/2020
f1f663d4-3b7c-4b9b-86b5-bddc5901ab60,Mumbai,$7.91,01/30/2020
fb6bf456-cd91-4063-92f3-9826a28436be,Bangalore,$2.46,10/25/2019
fb6bf456-cd91-4063-92f3-9826a28436be,Chennai,$1.33,08/18/2019
fb6bf456-cd91-4063-92f3-9826a28436be,Chennai,$2.62,10/02/2019
fb6bf456-cd91-4063-92f3-9826a28436be,Delhi,$9.79,02/27/2020
fb6bf456-cd91-4063-92f3-9826a28436be,Kolkata,$7.52,07/18/2019
fb6bf456-cd91-4063-92f3-9826a28436be,Kolkata,$1.32,03/01/2020
fb6bf456-cd91-4063-92f3-9826a28436be,Kolkata,$5.75,06/25/2019
fb6bf456-cd91-4063-92f3-9826a28436be,Kolkata,$2.12,11/16/2019
fb6bf456-cd91-4063-92f3-9826a28436be,Mumbai,$2.64,08/11/2019
fb6bf456-cd91-4063-92f3-9826a28436be,Mumbai,$6.77,08/28/2019
fb6bf456-cd91-4063-92f3-9826a28436be,Mumbai,$4.99,12/24/2019
fb6bf456-cd91-4063-92f3-9826a28436be,Mumbai,$3.12,07/03/2019
fb6bf456-cd91-4063-92f3-9826a28436be,Mumbai,$9.21,01/01/2020
56fee556-77da-4fb4-9c72-26ed796bd939,Bangalore,$4.03,09/23/2019
56fee556-77da-4fb4-9c72-26ed796bd939,Bangalore,$1.50,03/29/2020
56fee556-77da-4fb4-9c72-26ed796bd939,Bangalore,$5.43,12/09/2019
56fee556-77da-4fb4-9c72-26ed796bd939,Chennai,$2.68,04/26/2020
56fee556-77da-4fb4-9c72-26ed796bd939,Chennai,$9.62,05/24/2020
56fee556-77da-4fb4-9c72-26ed796bd939,Chennai,$8.65,03/11/2020
56fee556-77da-4fb4-9c72-26ed796bd939,Chennai,$3.56,02/25/2020
56fee556-77da-4fb4-9c72-26ed796bd939,Chennai,$5.64,09/21/2019
56fee556-77da-4fb4-9c72-26ed796bd939,Delhi,$4.50,02/07/2020
56fee556-77da-4fb4-9c72-26ed796bd939,Delhi,$2.24,11/01/2019
56fee556-77da-4fb4-9c72-26ed796bd939,Delhi,$0.84,10/18/2019
56fee556-77da-4fb4-9c72-26ed796bd939,Kolkata,$8.66,11/14/2019
56fee556-77da-4fb4-9c72-26ed796bd939,Kolkata,$8.11,02/22/2020
56fee556-77da-4fb4-9c72-26ed796bd939,Kolkata,$5.58,11/07/2019
56fee556-77da-4fb4-9c72-26ed796bd939,Kolkata,$4.24,02/10/2020
56fee556-77da-4fb4-9c72-26ed796bd939,Kolkata,$3.72,07/15/2019
56fee556-77da-4fb4-9c72-26ed796bd939,Mumbai,$1.75,04/02/2020
56fee556-77da-4fb4-9c72-26ed796bd939,Mumbai,$0.47,05/15/2020
56fee556-77da-4fb4-9c72-26ed796bd939,Mumbai,$4.14,09/15/2019
da347978-162e-4f5f-bd19-45dff763e288,Bangalore,$6.40,05/31/2019
da347978-162e-4f5f-bd19-45dff763e288,Bangalore,$0.40,12/16/2019
da347978-162e-4f5f-bd19-45dff763e288,Bangalore,$3.85,06/26/2019
da347978-162e-4f5f-bd19-45dff763e288,Chennai,$2.94,04/03/2020
da347978-162e-4f5f-bd19-45dff763e288,Chennai,$8.00,03/11/2020
da347978-162e-4f5f-bd19-45dff763e288,Chennai,$2.25,05/14/2020
da347978-162e-4f5f-bd19-45dff763e288,Chennai,$9.83,08/27/2019
da347978-162e-4f5f-bd19-45dff763e288,Chennai,$7.87,07/19/2019
da347978-162e-4f5f-bd19-45dff763e288,Delhi,$0.82,03/09/2020
da347978-162e-4f5f-bd19-45dff763e288,Delhi,$9.07,03/27/2020
da347978-162e-4f5f-bd19-45dff763e288,Kolkata,$7.08,03/09/2020
da347978-162e-4f5f-bd19-45dff763e288,Mumbai,$3.48,10/12/2019
da347978-162e-4f5f-bd19-45dff763e288,Mumbai,$1.39,06/09/2019
da347978-162e-4f5f-bd19-45dff763e288,Mumbai,$2.60,08/28/2019
da347978-162e-4f5f-bd19-45dff763e288,Mumbai,$2.06,01/13/2020
b1b06079-f735-47f5-a6a7-55d2ba8160ed,Bangalore,$6.34,02/07/2020
b1b06079-f735-47f5-a6a7-55d2ba8160ed,Bangalore,$3.02,05/30/2019
b1b06079-f735-47f5-a6a7-55d2ba8160ed,Bangalore,$0.72,10/22/2019
b1b06079-f735-47f5-a6a7-55d2ba8160ed,Chennai,$4.08,01/21/2020
b1b06079-f735-47f5-a6a7-55d2ba8160ed,Chennai,$3.25,11/25/2019
b1b06079-f735-47f5-a6a7-55d2ba8160ed,Delhi,$5.71,02/08/2020
b1b06079-f735-47f5-a6a7-55d2ba8160ed,Delhi,$5.94,11/10/2019
b1b06079-f735-47f5-a6a7-55d2ba8160ed,Delhi,$1.83,06/15/2019
b1b06079-f735-47f5-a6a7-55d2ba8160ed,Kolkata,$2.25,11/27/2019
b1b06079-f735-47f5-a6a7-55d2ba8160ed,Kolkata,$0.52,08/25/2019
b1b06079-f735-47f5-a6a7-55d2ba8160ed,Kolkata,$1.15,01/22/2020
b1b06079-f735-47f5-a6a7-55d2ba8160ed,Kolkata,$1.20,01/14/2020
b1b06079-f735-47f5-a6a7-55d2ba8160ed,Mumbai,$1.00,01/22/2020
b1b06079-f735-47f5-a6a7-55d2ba8160ed,Mumbai,$7.67,09/06/2019
b1b06079-f735-47f5-a6a7-55d2ba8160ed,Mumbai,$3.57,02/18/2020
50bc28b6-0869-404f-b3cd-c9cdb0288871,Bangalore,$3.50,11/04/2019
50bc28b6-0869-404f-b3cd-c9cdb0288871,Chennai,$2.50,10/29/2019
50bc28b6-0869-404f-b3cd-c9cdb0288871,Chennai,$4.21,11/29/2019
50bc28b6-0869-404f-b3cd-c9cdb0288871,Chennai,$9.11,12/11/2019
50bc28b6-0869-404f-b3cd-c9cdb0288871,Chennai,$2.68,06/03/2019
50bc28b6-0869-404f-b3cd-c9cdb0288871,Delhi,$7.37,12/31/2019
50bc28b6-0869-404f-b3cd-c9cdb0288871,Delhi,$9.88,06/07/2019
50bc28b6-0869-404f-b3cd-c9cdb0288871,Kolkata,$7.12,05/27/2019
50bc28b6-0869-404f-b3cd-c9cdb0288871,Kolkata,$1.30,06/26/2019
50bc28b6-0869-404f-b3cd-c9cdb0288871,Kolkata,$8.02,11/17/2019
50bc28b6-0869-404f-b3cd-c9cdb0288871,Kolkata,$9.33,07/27/2019
50bc28b6-0869-404f-b3cd-c9cdb0288871,Kolkata,$3.80,12/29/2019
50bc28b6-0869-404f-b3cd-c9cdb0288871,Mumbai,$7.80,02/08/2020
5de4eb86-cc56-4f10-82c5-52adca653129,Bangalore,$0.31,04/27/2020
5de4eb86-cc56-4f10-82c5-52adca653129,Bangalore,$2.87,04/13/2020
5de4eb86-cc56-4f10-82c5-52adca653129,Bangalore,$4.39,07/08/2019
5de4eb86-cc56-4f10-82c5-52adca653129,Bangalore,$0.12,10/12/2019
5de4eb86-cc56-4f10-82c5-52adca653129,Chennai,$0.38,04/06/2020
5de4eb86-cc56-4f10-82c5-52adca653129,Chennai,$3.53,04/21/2020
5de4eb86-cc56-4f10-82c5-52adca653129,Chennai,$7.87,02/24/2020
5de4eb86-cc56-4f10-82c5-52adca653129,Chennai,$2.93,04/18/2020
5de4eb86-cc56-4f10-82c5-52adca653129,Chennai,$1.78,05/19/2020
5de4eb86-cc56-4f10-82c5-52adca653129,Delhi,$7.84,10/02/2019
5de4eb86-cc56-4f10-82c5-52adca653129,Delhi,$4.73,01/21/2020
5de4eb86-cc56-4f10-82c5-52adca653129,Delhi,$8.02,03/17/2020
5de4eb86-cc56-4f10-82c5-52adca653129,Kolkata,$2.77,07/11/2019
5de4eb86-cc56-4f10-82c5-52adca653129,Kolkata,$7.85,05/10/2020
5de4eb86-cc56-4f10-82c5-52adca653129,Kolkata,$4.81,05/02/2020
5de4eb86-cc56-4f10-82c5-52adca653129,Kolkata,$4.52,10/10/2019
5de4eb86-cc56-4f10-82c5-52adca653129,Kolkata,$2.99,09/12/2019
5de4eb86-cc56-4f10-82c5-52adca653129,Mumbai,$4.79,08/22/2019
5de4eb86-cc56-4f10-82c5-52adca653129,Mumbai,$4.99,06/27/2019
5de4eb86-cc56-4f10-82c5-52adca653129,Mumbai,$8.20,12/24/2019
5de4eb86-cc56-4f10-82c5-52adca653129,Mumbai,$6.80,10/12/2019
5de4eb86-cc56-4f10-82c5-52adca653129,Mumbai,$1.69,10/22/2019
b8ae735a-36c6-40ef-bf3f-3c1679b5af49,Bangalore,$8.31,09/08/2019
b8ae735a-36c6-40ef-bf3f-3c1679b5af49,Bangalore,$6.25,11/16/2019
b8ae735a-36c6-40ef-bf3f-3c1679b5af49,Bangalore,$0.08,06/10/2019
b8ae735a-36c6-40ef-bf3f-3c1679b5af49,Chennai,$2.46,04/17/2020
b8ae735a-36c6-40ef-bf3f-3c1679b5af49,Chennai,$2.86,06/17/2019
b8ae735a-36c6-40ef-bf3f-3c1679b5af49,Delhi,$3.20,08/05/2019
b8ae735a-36c6-40ef-bf3f-3c1679b5af49,Delhi,$0.76,04/22/2020
b8ae735a-36c6-40ef-bf3f-3c1679b5af49,Kolkata,$5.63,07/04/2019
b8ae735a-36c6-40ef-bf3f-3c1679b5af49,Kolkata,$9.20,01/29/2020
b8ae735a-36c6-40ef-bf3f-3c1679b5af49,Mumbai,$2.44,12/27/2019
b8ae735a-36c6-40ef-bf3f-3c1679b5af49,Mumbai,$5.14,05/09/2020
e8425e2e-93fd-4619-b467-64fc496f3f5e,Bangalore,$4.04,01/21/2020
e8425e2e-93fd-4619-b467-64fc496f3f5e,Bangalore,$6.28,04/11/2020
e8425e2e-93fd-4619-b467-64fc496f3f5e,Bangalore,$0.84,08/30/2019
e8425e2e-93fd-4619-b467-64fc496f3f5e,Bangalore,$3.87,12/15/2019
e8425e2e-93fd-4619-b467-64fc496f3f5e,Bangalore,$5.74,08/02/2019
e8425e2e-93fd-4619-b467-64fc496f3f5e,Chennai,$6.39,08/15/2019
e8425e2e-93fd-4619-b467-64fc496f3f5e,Chennai,$0.99,12/14/2019
e8425e2e-93fd-4619-b467-64fc496f3f5e,Chennai,$9.94,01/14/2020
e8425e2e-93fd-4619-b467-64fc496f3f5e,Chennai,$6.83,04/13/2020
e8425e2e-93fd-4619-b467-64fc496f3f5e,Chennai,$6.03,03/07/2020
e8425e2e-93fd-4619-b467-64fc496f3f5e,Delhi,$2.50,12/18/2019
e8425e2e-93fd-4619-b467-64fc496f3f5e,Delhi,$8.57,08/09/2019
e8425e2e-93fd-4619-b467-64fc496f3f5e,Delhi,$0.98,11/26/2019
e8425e2e-93fd-4619-b467-64fc496f3f5e,Kolkata,$0.80,09/22/2019
e8425e2e-93fd-4619-b467-64fc496f3f5e,Kolkata,$5.93,01/08/2020
e8425e2e-93fd-4619-b467-64fc496f3f5e,Mumbai,$6.64,01/16/2020
50650579-6a26-4e00-bc21-7a9f3a70332b,Bangalore,$7.27,07/14/2019
50650579-6a26-4e00-bc21-7a9f3a70332b,Bangalore,$8.13,10/08/2019
50650579-6a26-4e00-bc21-7a9f3a70332b,Bangalore,$0.18,03/12/2020
50650579-6a26-4e00-bc21-7a9f3a70332b,Bangalore,$5.79,10/15/2019
50650579-6a26-4e00-bc21-7a9f3a70332b,Bangalore,$9.66,10/07/2019
50650579-6a26-4e00-bc21-7a9f3a70332b,Chennai,$6.21,04/03/2020
50650579-6a26-4e00-bc21-7a9f3a70332b,Chennai,$7.48,02/29/2020
50650579-6a26-4e00-bc21-7a9f3a70332b,Delhi,$1.79,01/07/2020
50650579-6a26-4e00-bc21-7a9f3a70332b,Delhi,$4.65,03/23/2020
50650579-6a26-4e00-bc21-7a9f3a70332b,Kolkata,$6.51,01/07/2020
50650579-6a26-4e00-bc21-7a9f3a70332b,Kolkata,$9.50,04/27/2020
50650579-6a26-4e00-bc21-7a9f3a70332b,Mumbai,$1.53,05/17/2020
50650579-6a26-4e00-bc21-7a9f3a70332b,Mumbai,$6.96,02/12/2020
50650579-6a26-4e00-bc21-7a9f3a70332b,Mumbai,$3.84,10/03/2019
50650579-6a26-4e00-bc21-7a9f3a70332b,Mumbai,$2.08,08/16/2019
50650579-6a26-4e00-bc21-7a9f3a70332b,Mumbai,$1.05,01/12/2020
7933e906-6376-4adc-b846-336a1a21ad1b,Bangalore,$2.11,12/31/2019
7933e906-6376-4adc-b846-336a1a21ad1b,Bangalore,$4.56,02/17/2020
7933e906-6376-4adc-b846-336a1a21ad1b,Chennai,$1.33,06/05/2019
7933e906-6376-4adc-b846-336a1a21ad1b,Chennai,$0.39,02/11/2020
7933e906-6376-4adc-b846-336a1a21ad1b,Chennai,$0.53,01/29/2020
7933e906-6376-4adc-b846-336a1a21ad1b,Chennai,$5.71,02/12/2020
7933e906-6376-4adc-b846-336a1a21ad1b,Delhi,$8.88,10/02/2019
7933e906-6376-4adc-b846-336a1a21ad1b,Delhi,$9.81,10/17/2019
7933e906-6376-4adc-b846-336a1a21ad1b,Delhi,$0.84,03/19/2020
7933e906-6376-4adc-b846-336a1a21ad1b,Delhi,$8.01,04/07/2020
7933e906-6376-4adc-b846-336a1a21ad1b,Delhi,$6.80,06/24/2019
7933e906-6376-4adc-b846-336a1a21ad1b,Kolkata,$6.48,06/10/2019
7933e906-6376-4adc-b846-336a1a21ad1b,Kolkata,$3.86,09/27/2019
7933e906-6376-4adc-b846-336a1a21ad1b,Kolkata,$0.93,10/12/2019
7933e906-6376-4adc-b846-336a1a21ad1b,Kolkata,$6.41,09/30/2019
7933e906-6376-4adc-b846-336a1a21ad1b,Kolkata,$7.09,04/23/2020
7933e906-6376-4adc-b846-336a1a21ad1b,Mumbai,$4.40,07/12/2019
7933e906-6376-4adc-b846-336a1a21ad1b,Mumbai,$3.13,01/11/2020
6cc2a12e-9509-4338-be2c-d68062539535,Bangalore,$6.48,04/25/2020
6cc2a12e-9509-4338-be2c-d68062539535,Bangalore,$8.74,11/09/2019
6cc2a12e-9509-4338-be2c-d68062539535,Bangalore,$7.16,08/17/2019
6cc2a12e-9509-4338-be2c-d68062539535,Chennai,$1.64,11/17/2019
6cc2a12e-9509-4338-be2c-d68062539535,Chennai,$6.99,08/03/2019
6cc2a12e-9509-4338-be2c-d68062539535,Delhi,$0.92,05/01/2020
6cc2a12e-9509-4338-be2c-d68062539535,Delhi,$2.90,07/25/2019
6cc2a12e-9509-4338-be2c-d68062539535,Delhi,$2.17,07/17/2019
6cc2a12e-9509-4338-be2c-d68062539535,Delhi,$6.72,03/26/2020
6cc2a12e-9509-4338-be2c-d68062539535,Delhi,$6.79,02/13/2020
6cc2a12e-9509-4338-be2c-d68062539535,Kolkata,$4.41,12/25/2019
6cc2a12e-9509-4338-be2c-d68062539535,Kolkata,$4.78,05/04/2020
6cc2a12e-9509-4338-be2c-d68062539535,Kolkata,$9.81,03/13/2020
6cc2a12e-9509-4338-be2c-d68062539535,Mumbai,$8.76,04/03/2020
6cc2a12e-9509-4338-be2c-d68062539535,Mumbai,$9.09,12/10/2019
5ccb1aaf-50f5-419d-8f49-2d95f8f8e2eb,Bangalore,$3.39,05/26/2019
5ccb1aaf-50f5-419d-8f49-2d95f8f8e2eb,Bangalore,$8.77,03/23/2020
5ccb1aaf-50f5-419d-8f49-2d95f8f8e2eb,Bangalore,$7.22,10/28/2019
5ccb1aaf-50f5-419d-8f49-2d95f8f8e2eb,Bangalore,$9.80,06/09/2019
5ccb1aaf-50f5-419d-8f49-2d95f8f8e2eb,Bangalore,$8.77,08/11/2019
5ccb1aaf-50f5-419d-8f49-2d95f8f8e2eb,Chennai,$3.71,01/04/2020
5ccb1aaf-50f5-419d-8f49-2d95f8f8e2eb,Delhi,$0.59,09/15/2019
5ccb1aaf-50f5-419d-8f49-2d95f8f8e2eb,Kolkata,$5.66,07/26/2019
5ccb1aaf-50f5-419d-8f49-2d95f8f8e2eb,Kolkata,$7.22,04/06/2020
5ccb1aaf-50f5-419d-8f49-2d95f8f8e2eb,Kolkata,$3.53,04/15/2020
5ccb1aaf-50f5-419d-8f49-2d95f8f8e2eb,Kolkata,$7.96,03/15/2020
5ccb1aaf-50f5-419d-8f49-2d95f8f8e2eb,Kolkata,$2.25,07/29/2019
5ccb1aaf-50f5-419d-8f49-2d95f8f8e2eb,Mumbai,$7.28,04/21/2020
5ccb1aaf-50f5-419d-8f49-2d95f8f8e2eb,Mumbai,$4.45,04/12/2020
5ccb1aaf-50f5-419d-8f49-2d95f8f8e2eb,Mumbai,$6.51,04/30/2020
5ccb1aaf-50f5-419d-8f49-2d95f8f8e2eb,Mumbai,$7.07,03/02/2020
5ccb1aaf-50f5-419d-8f49-2d95f8f8e2eb,Mumbai,$5.29,10/10/2019
1a8672ec-97c3-4667-828b-2aeabc8eae73,Bangalore,$0.61,07/19/2019
1a8672ec-97c3-4667-828b-2aeabc8eae73,Bangalore,$2.59,12/03/2019
1a8672ec-97c3-4667-828b-2aeabc8eae73,Bangalore,$4.78,10/02/2019
1a8672ec-97c3-4667-828b-2aeabc8eae73,Chennai,$6.95,10/06/2019
1a8672ec-97c3-4667-828b-2aeabc8eae73,Chennai,$7.02,05/21/2020
1a8672ec-97c3-4667-828b-2aeabc8eae73,Chennai,$9.65,03/10/2020
1a8672ec-97c3-4667-828b-2aeabc8eae73,Chennai,$6.83,04/13/2020
1a8672ec-97c3-4667-828b-2aeabc8eae73,Delhi,$9.62,05/18/2020
1a8672ec-97c3-4667-828b-2aeabc8eae73,Delhi,$0.50,09/26/2019
1a8672ec-97c3-4667-828b-2aeabc8eae73,Delhi,$8.56,12/07/2019
1a8672ec-97c3-4667-828b-2aeabc8eae73,Delhi,$2.61,09/29/2019
1a8672ec-97c3-4667-828b-2aeabc8eae73,Kolkata,$4.87,12/13/2019
1a8672ec-97c3-4667-828b-2aeabc8eae73,Kolkata,$8.00,04/19/2020
1a8672ec-97c3-4667-828b-2aeabc8eae73,Mumbai,$7.88,12/25/2019
1a8672ec-97c3-4667-828b-2aeabc8eae73,Mumbai,$8.25,12/15/2019
1a8672ec-97c3-4667-828b-2aeabc8eae73,Mumbai,$7.60,04/06/2020
1a8672ec-97c3-4667-828b-2aeabc8eae73,Mumbai,$1.68,07/01/2019
c09feb09-7a7a-4e19-abcd-6a441782194e,Bangalore,$4.53,11/17/2019
c09feb09-7a7a-4e19-abcd-6a441782194e,Bangalore,$8.77,11/20/2019
c09feb09-7a7a-4e19-abcd-6a441782194e,Bangalore,$4.63,10/23/2019
c09feb09-7a7a-4e19-abcd-6a441782194e,Chennai,$9.39,03/15/2020
c09feb09-7a7a-4e19-abcd-6a441782194e,Chennai,$8.25,07/30/2019
c09feb09-7a7a-4e19-abcd-6a441782194e,Chennai,$1.16,11/10/2019
c09feb09-7a7a-4e19-abcd-6a441782194e,Delhi,$2.15,04/06/2020
c09feb09-7a7a-4e19-abcd-6a441782194e,Delhi,$9.07,09/25/2019
c09feb09-7a7a-4e19-abcd-6a441782194e,Kolkata,$3.88,04/12/2020
c09feb09-7a7a-4e19-abcd-6a441782194e,Mumbai,$7.53,02/14/2020
c09feb09-7a7a-4e19-abcd-6a441782194e,Mumbai,$5.41,12/13/2019
6fa2c259-4bf9-4bd1-9e16-fe4d9defd043,Bangalore,$8.22,07/04/2019
6fa2c259-4bf9-4bd1-9e16-fe4d9defd043,Bangalore,$5.53,11/26/2019
6fa2c259-4bf9-4bd1-9e16-fe4d9defd043,Bangalore,$4.70,03/21/2020
6fa2c259-4bf9-4bd1-9e16-fe4d9defd043,Chennai,$9.58,03/02/2020
6fa2c259-4bf9-4bd1-9e16-fe4d9defd043,Delhi,$6.80,03/14/2020
6fa2c259-4bf9-4bd1-9e16-fe4d9defd043,Delhi,$4.32,07/03/2019
6fa2c259-4bf9-4bd1-9e16-fe4d9defd043,Kolkata,$3.18,03/03/2020
6fa2c259-4bf9-4bd1-9e16-fe4d9defd043,Kolkata,$1.62,10/15/2019
6fa2c259-4bf9-4bd1-9e16-fe4d9defd043,Kolkata,$7.09,02/23/2020
6fa2c259-4bf9-4bd1-9e16-fe4d9defd043,Mumbai,$6.80,07/02/2019
5ccec474-63cd-4e9e-8ce3-730194fcb752,Bangalore,$5.50,08/08/2019
5ccec474-63cd-4e9e-8ce3-730194fcb752,Bangalore,$0.55,03/14/2020
5ccec474-63cd-4e9e-8ce3-730194fcb752,Bangalore,$6.64,11/23/2019
5ccec474-63cd-4e9e-8ce3-730194fcb752,Chennai,$5.71,09/17/2019
5ccec474-63cd-4e9e-8ce3-730194fcb752,Chennai,$4.83,02/11/2020
5ccec474-63cd-4e9e-8ce3-730194fcb752,Chennai,$2.47,02/06/2020
5ccec474-63cd-4e9e-8ce3-730194fcb752,Chennai,$5.49,09/04/2019
5ccec474-63cd-4e9e-8ce3-730194fcb752,Chennai,$6.47,06/15/2019
5ccec474-63cd-4e9e-8ce3-730194fcb752,Delhi,$0.35,12/14/2019
5ccec474-63cd-4e9e-8ce3-730194fcb752,Delhi,$6.59,04/12/2020
5ccec474-63cd-4e9e-8ce3-730194fcb752,Delhi,$2.44,01/01/2020
5ccec474-63cd-4e9e-8ce3-730194fcb752,Kolkata,$5.32,10/11/2019
5ccec474-63cd-4e9e-8ce3-730194fcb752,Kolkata,$0.79,04/19/2020
5ccec474-63cd-4e9e-8ce3-730194fcb752,Kolkata,$0.34,07/18/2019
5ccec474-63cd-4e9e-8ce3-730194fcb752,Kolkata,$8.00,10/07/2019
5ccec474-63cd-4e9e-8ce3-730194fcb752,Mumbai,$7.96,06/09/2019
5ccec474-63cd-4e9e-8ce3-730194fcb752,Mumbai,$2.93,05/17/2020
295a9a21-fba1-47bd-b7fa-8681f4ec345b,Bangalore,$9.75,12/28/2019
295a9a21-fba1-47bd-b7fa-8681f4ec345b,Chennai,$4.09,03/25/2020
295a9a21-fba1-47bd-b7fa-8681f4ec345b,Chennai,$3.47,09/27/2019
295a9a21-fba1-47bd-b7fa-8681f4ec345b,Chennai,$5.46,05/29/2019
295a9a21-fba1-47bd-b7fa-8681f4ec345b,Chennai,$1.48,02/13/2020
295a9a21-fba1-47bd-b7fa-8681f4ec345b,Chennai,$6.27,10/10/2019
295a9a21-fba1-47bd-b7fa-8681f4ec345b,Delhi,$2.97,05/06/2020
295a9a21-fba1-47bd-b7fa-8681f4ec345b,Delhi,$3.66,03/13/2020
295a9a21-fba1-47bd-b7fa-8681f4ec345b,Kolkata,$8.40,10/09/2019
295a9a21-fba1-47bd-b7fa-8681f4ec345b,Mumbai,$0.75,09/05/2019
295a9a21-fba1-47bd-b7fa-8681f4ec345b,Mumbai,$3.37,03/17/2020
295a9a21-fba1-47bd-b7fa-8681f4ec345b,Mumbai,$1.69,02/20/2020
295a9a21-fba1-47bd-b7fa-8681f4ec345b,Mumbai,$6.35,05/16/2020
295a9a21-fba1-47bd-b7fa-8681f4ec345b,Mumbai,$6.34,11/17/2019
661db387-0bed-4355-a0f5-4059eb162a7c,Bangalore,$3.38,05/04/2020
661db387-0bed-4355-a0f5-4059eb162a7c,Bangalore,$7.79,07/25/2019
661db387-0bed-4355-a0f5-4059eb162a7c,Bangalore,$0.44,02/26/2020
661db387-0bed-4355-a0f5-4059eb162a7c,Bangalore,$8.99,02/04/2020
661db387-0bed-4355-a0f5-4059eb162a7c,Chennai,$3.31,12/25/2019
661db387-0bed-4355-a0f5-4059eb162a7c,Delhi,$5.05,01/13/2020
661db387-0bed-4355-a0f5-4059eb162a7c,Delhi,$3.99,09/04/2019
661db387-0bed-4355-a0f5-4059eb162a7c,Delhi,$4.71,03/15/2020
661db387-0bed-4355-a0f5-4059eb162a7c,Kolkata,$6.04,12/08/2019
661db387-0bed-4355-a0f5-4059eb162a7c,Kolkata,$1.46,09/29/2019
661db387-0bed-4355-a0f5-4059eb162a7c,Kolkata,$2.06,03/27/2020
661db387-0bed-4355-a0f5-4059eb162a7c,Kolkata,$7.34,08/01/2019
661db387-0bed-4355-a0f5-4059eb162a7c,Mumbai,$2.27,08/22/2019
661db387-0bed-4355-a0f5-4059eb162a7c,Mumbai,$1.01,09/07/2019
661db387-0bed-4355-a0f5-4059eb162a7c,Mumbai,$6.06,04/29/2020
661db387-0bed-4355-a0f5-4059eb162a7c,Mumbai,$0.56,09/21/2019
661db387-0bed-4355-a0f5-4059eb162a7c,Mumbai,$0.33,08/11/2019
c8d35559-ed15-4933-b440-9909ec1f8d1e,Bangalore,$6.10,11/01/2019
c8d35559-ed15-4933-b440-9909ec1f8d1e,Bangalore,$5.91,11/25/2019
c8d35559-ed15-4933-b440-9909ec1f8d1e,Bangalore,$3.98,08/02/2019
c8d35559-ed15-4933-b440-9909ec1f8d1e,Bangalore,$4.38,08/01/2019
c8d35559-ed15-4933-b440-9909ec1f8d1e,Bangalore,$9.23,08/26/2019
c8d35559-ed15-4933-b440-9909ec1f8d1e,Chennai,$6.25,10/13/2019
c8d35559-ed15-4933-b440-9909ec1f8d1e,Chennai,$3.48,04/03/2020
c8d35559-ed15-4933-b440-9909ec1f8d1e,Chennai,$4.49,12/19/2019
c8d35559-ed15-4933-b440-9909ec1f8d1e,Chennai,$1.60,06/15/2019
c8d35559-ed15-4933-b440-9909ec1f8d1e,Chennai,$6.05,06/23/2019
c8d35559-ed15-4933-b440-9909ec1f8d1e,Delhi,$9.88,12/23/2019
c8d35559-ed15-4933-b440-9909ec1f8d1e,Delhi,$4.22,03/18/2020
c8d35559-ed15-4933-b440-9909ec1f8d1e,Delhi,$9.01,05/14/2020
c8d35559-ed15-4933-b440-9909ec1f8d1e,Delhi,$1.78,08/26/2019
c8d35559-ed15-4933-b440-9909ec1f8d1e,Delhi,$2.76,02/07/2020
c8d35559-ed15-4933-b440-9909ec1f8d1e,Kolkata,$1.58,02/12/2020
c8d35559-ed15-4933-b440-9909ec1f8d1e,Kolkata,$6.63,10/10/2019
c8d35559-ed15-4933-b440-9909ec1f8d1e,Kolkata,$9.95,11/06/2019
c8d35559-ed15-4933-b440-9909ec1f8d1e,Kolkata,$5.13,06/04/2019
c8d35559-ed15-4933-b440-9909ec1f8d1e,Kolkata,$4.96,12/12/2019
c8d35559-ed15-4933-b440-9909ec1f8d1e,Mumbai,$6.86,05/12/2020
c8d35559-ed15-4933-b440-9909ec1f8d1e,Mumbai,$9.75,08/23/2019
c8d35559-ed15-4933-b440-9909ec1f8d1e,Mumbai,$8.52,11/06/2019
c8d35559-ed15-4933-b440-9909ec1f8d1e,Mumbai,$1.55,08/25/2019
c8d85360-a14d-4d9e-80fb-7d2b66eeec6b,Bangalore,$6.37,05/19/2020
c8d85360-a14d-4d9e-80fb-7d2b66eeec6b,Bangalore,$6.31,11/16/2019
c8d85360-a14d-4d9e-80fb-7d2b66eeec6b,Bangalore,$0.22,07/26/2019
c8d85360-a14d-4d9e-80fb-7d2b66eeec6b,Bangalore,$6.77,03/07/2020
c8d85360-a14d-4d9e-80fb-7d2b66eeec6b,Bangalore,$7.44,02/22/2020
c8d85360-a14d-4d9e-80fb-7d2b66eeec6b,Chennai,$3.77,01/03/2020
c8d85360-a14d-4d9e-80fb-7d2b66eeec6b,Delhi,$8.45,09/14/2019
c8d85360-a14d-4d9e-80fb-7d2b66eeec6b,Delhi,$5.74,02/07/2020
c8d85360-a14d-4d9e-80fb-7d2b66eeec6b,Delhi,$9.88,07/01/2019
c8d85360-a14d-4d9e-80fb-7d2b66eeec6b,Kolkata,$1.89,11/08/2019
c8d85360-a14d-4d9e-80fb-7d2b66eeec6b,Kolkata,$3.55,12/27/2019
c8d85360-a14d-4d9e-80fb-7d2b66eeec6b,Mumbai,$0.36,07/04/2019
c8d85360-a14d-4d9e-80fb-7d2b66eeec6b,Mumbai,$5.76,01/19/2020
c8d85360-a14d-4d9e-80fb-7d2b66eeec6b,Mumbai,$7.95,04/04/2020
002ce8ce-3609-4904-8ff1-7ff231b68251,Bangalore,$4.48,04/26/2020
002ce8ce-3609-4904-8ff1-7ff231b68251,Chennai,$2.09,09/03/2019
002ce8ce-3609-4904-8ff1-7ff231b68251,Chennai,$3.47,02/05/2020
002ce8ce-3609-4904-8ff1-7ff231b68251,Chennai,$8.09,05/19/2020
002ce8ce-3609-4904-8ff1-7ff231b68251,Chennai,$5.18,05/01/2020
002ce8ce-3609-4904-8ff1-7ff231b68251,Delhi,$6.95,08/09/2019
002ce8ce-3609-4904-8ff1-7ff231b68251,Delhi,$8.52,05/22/2020
002ce8ce-3609-4904-8ff1-7ff231b68251,Delhi,$8.16,07/24/2019
002ce8ce-3609-4904-8ff1-7ff231b68251,Delhi,$0.94,03/26/2020
002ce8ce-3609-4904-8ff1-7ff231b68251,Delhi,$8.83,10/19/2019
002ce8ce-3609-4904-8ff1-7ff231b68251,Kolkata,$9.44,08/30/2019
002ce8ce-3609-4904-8ff1-7ff231b68251,Mumbai,$0.55,08/17/2019
1dce5bd4-c048-4cb6-a7a4-90f8fc4732e8,Bangalore,$2.47,12/18/2019
1dce5bd4-c048-4cb6-a7a4-90f8fc4732e8,Bangalore,$0.77,01/15/2020
1dce5bd4-c048-4cb6-a7a4-90f8fc4732e8,Bangalore,$7.47,12/19/2019
1dce5bd4-c048-4cb6-a7a4-90f8fc4732e8,Bangalore,$7.10,12/24/2019
1dce5bd4-c048-4cb6-a7a4-90f8fc4732e8,Bangalore,$0.95,11/23/2019
1dce5bd4-c048-4cb6-a7a4-90f8fc4732e8,Chennai,$3.47,01/04/2020
1dce5bd4-c048-4cb6-a7a4-90f8fc4732e8,Chennai,$9.69,09/26/2019
1dce5bd4-c048-4cb6-a7a4-90f8fc4732e8,Delhi,$5.14,04/26/2020
1dce5bd4-c048-4cb6-a7a4-90f8fc4732e8,Kolkata,$7.21,09/19/2019
1dce5bd4-c048-4cb6-a7a4-90f8fc4732e8,Kolkata,$5.02,06/26/2019
1dce5bd4-c048-4cb6-a7a4-90f8fc4732e8,Kolkata,$4.66,05/21/2020
1dce5bd4-c048-4cb6-a7a4-90f8fc4732e8,Kolkata,$4.50,04/19/2020
1dce5bd4-c048-4cb6-a7a4-90f8fc4732e8,Mumbai,$6.25,12/12/2019
1dce5bd4-c048-4cb6-a7a4-90f8fc4732e8,Mumbai,$8.45,04/11/2020
1dce5bd4-c048-4cb6-a7a4-90f8fc4732e8,Mumbai,$0.65,06/16/2019
1dce5bd4-c048-4cb6-a7a4-90f8fc4732e8,Mumbai,$2.54,02/08/2020
43c561d3-0d35-4492-a3aa-400c768c7b1a,Bangalore,$4.30,09/26/2019
43c561d3-0d35-4492-a3aa-400c768c7b1a,Chennai,$9.97,03/31/2020
43c561d3-0d35-4492-a3aa-400c768c7b1a,Chennai,$2.29,07/18/2019
43c561d3-0d35-4492-a3aa-400c768c7b1a,Chennai,$0.43,11/20/2019
43c561d3-0d35-4492-a3aa-400c768c7b1a,Chennai,$7.84,12/22/2019
43c561d3-0d35-4492-a3aa-400c768c7b1a,Chennai,$1.74,06/15/2019
43c561d3-0d35-4492-a3aa-400c768c7b1a,Delhi,$4.61,04/25/2020
43c561d3-0d35-4492-a3aa-400c768c7b1a,Delhi,$6.61,01/30/2020
43c561d3-0d35-4492-a3aa-400c768c7b1a,Delhi,$9.32,02/25/2020
43c561d3-0d35-4492-a3aa-400c768c7b1a,Delhi,$5.70,02/19/2020
43c561d3-0d35-4492-a3aa-400c768c7b1a,Delhi,$4.39,01/04/2020
43c561d3-0d35-4492-a3aa-400c768c7b1a,Kolkata,$6.49,03/07/2020
43c561d3-0d35-4492-a3aa-400c768c7b1a,Kolkata,$2.39,12/03/2019
43c561d3-0d35-4492-a3aa-400c768c7b1a,Kolkata,$6.20,05/24/2020
43c561d3-0d35-4492-a3aa-400c768c7b1a,Kolkata,$5.10,03/09/2020
43c561d3-0d35-4492-a3aa-400c768c7b1a,Kolkata,$6.75,01/07/2020
43c561d3-0d35-4492-a3aa-400c768c7b1a,Mumbai,$4.26,08/23/2019
43c561d3-0d35-4492-a3aa-400c768c7b1a,Mumbai,$0.53,11/18/2019
e0351f58-200b-4062-8a57-e8a194ee7e1d,Bangalore,$8.28,12/12/2019
e0351f58-200b-4062-8a57-e8a194ee7e1d,Bangalore,$5.30,08/24/2019
e0351f58-200b-4062-8a57-e8a194ee7e1d,Bangalore,$8.11,08/10/2019
e0351f58-200b-4062-8a57-e8a194ee7e1d,Bangalore,$8.22,01/26/2020
e0351f58-200b-4062-8a57-e8a194ee7e1d,Bangalore,$1.99,09/24/2019
e0351f58-200b-4062-8a57-e8a194ee7e1d,Chennai,$6.91,07/02/2019
e0351f58-200b-4062-8a57-e8a194ee7e1d,Chennai,$9.31,04/22/2020
e0351f58-200b-4062-8a57-e8a194ee7e1d,Delhi,$2.94,05/24/2020
e0351f58-200b-4062-8a57-e8a194ee7e1d,Delhi,$4.33,05/24/2020
e0351f58-200b-4062-8a57-e8a194ee7e1d,Delhi,$0.96,08/27/2019
e0351f58-200b-4062-8a57-e8a194ee7e1d,Delhi,$4.24,01/12/2020
e0351f58-200b-4062-8a57-e8a194ee7e1d,Delhi,$0.98,10/31/2019
e0351f58-200b-4062-8a57-e8a194ee7e1d,Kolkata,$2.54,02/04/2020
e0351f58-200b-4062-8a57-e8a194ee7e1d,Kolkata,$4.93,06/15/2019
e0351f58-200b-4062-8a57-e8a194ee7e1d,Kolkata,$4.21,02/01/2020
e0351f58-200b-4062-8a57-e8a194ee7e1d,Kolkata,$8.62,11/03/2019
e0351f58-200b-4062-8a57-e8a194ee7e1d,Kolkata,$7.53,02/17/2020
e0351f58-200b-4062-8a57-e8a194ee7e1d,Mumbai,$0.55,02/18/2020
e0351f58-200b-4062-8a57-e8a194ee7e1d,Mumbai,$5.84,06/04/2019
c136f126-fffd-49a7-855b-a92f328c13b8,Bangalore,$1.96,07/19/2019
c136f126-fffd-49a7-855b-a92f328c13b8,Bangalore,$4.91,03/01/2020
c136f126-fffd-49a7-855b-a92f328c13b8,Bangalore,$6.57,02/13/2020
c136f126-fffd-49a7-855b-a92f328c13b8,Bangalore,$0.84,09/23/2019
c136f126-fffd-49a7-855b-a92f328c13b8,Chennai,$1.78,10/08/2019
c136f126-fffd-49a7-855b-a92f328c13b8,Chennai,$9.16,06/29/2019
c136f126-fffd-49a7-855b-a92f328c13b8,Chennai,$0.35,12/25/2019
c136f126-fffd-49a7-855b-a92f328c13b8,Delhi,$8.43,10/18/2019
c136f126-fffd-49a7-855b-a92f328c13b8,Delhi,$6.51,08/01/2019
c136f126-fffd-49a7-855b-a92f328c13b8,Delhi,$4.10,08/10/2019
c136f126-fffd-49a7-855b-a92f328c13b8,Delhi,$1.00,12/08/2019
c136f126-fffd-49a7-855b-a92f328c13b8,Delhi,$5.54,02/11/2020
c136f126-fffd-49a7-855b-a92f328c13b8,Kolkata,$1.66,05/16/2020
c136f126-fffd-49a7-855b-a92f328c13b8,Kolkata,$6.38,06/21/2019
c136f126-fffd-49a7-855b-a92f328c13b8,Kolkata,$7.76,03/30/2020
c136f126-fffd-49a7-855b-a92f328c13b8,Mumbai,$5.91,07/13/2019
c136f126-fffd-49a7-855b-a92f328c13b8,Mumbai,$3.88,05/23/2020
c136f126-fffd-49a7-855b-a92f328c13b8,Mumbai,$6.41,04/28/2020
c136f126-fffd-49a7-855b-a92f328c13b8,Mumbai,$5.87,03/30/2020
82ba3dc2-2ada-40b5-ac56-146e7a1bd2d5,Bangalore,$5.47,09/13/2019
82ba3dc2-2ada-40b5-ac56-146e7a1bd2d5,Chennai,$2.96,01/01/2020
82ba3dc2-2ada-40b5-ac56-146e7a1bd2d5,Chennai,$2.93,12/29/2019
82ba3dc2-2ada-40b5-ac56-146e7a1bd2d5,Chennai,$2.04,07/22/2019
82ba3dc2-2ada-40b5-ac56-146e7a1bd2d5,Delhi,$6.93,10/27/2019
82ba3dc2-2ada-40b5-ac56-146e7a1bd2d5,Delhi,$8.09,12/20/2019
82ba3dc2-2ada-40b5-ac56-146e7a1bd2d5,Delhi,$2.92,03/04/2020
82ba3dc2-2ada-40b5-ac56-146e7a1bd2d5,Kolkata,$8.17,03/21/2020
82ba3dc2-2ada-40b5-ac56-146e7a1bd2d5,Kolkata,$3.41,09/19/2019
82ba3dc2-2ada-40b5-ac56-146e7a1bd2d5,Kolkata,$2.82,09/11/2019
82ba3dc2-2ada-40b5-ac56-146e7a1bd2d5,Mumbai,$1.80,09/02/2019
82ba3dc2-2ada-40b5-ac56-146e7a1bd2d5,Mumbai,$4.42,12/25/2019
784659ff-620b-438b-a535-731766331f1e,Bangalore,$2.98,04/28/2020
784659ff-620b-438b-a535-731766331f1e,Chennai,$3.24,05/14/2020
784659ff-620b-438b-a535-731766331f1e,Delhi,$8.47,05/02/2020
784659ff-620b-438b-a535-731766331f1e,Delhi,$5.05,11/22/2019
784659ff-620b-438b-a535-731766331f1e,Delhi,$0.40,07/26/2019
784659ff-620b-438b-a535-731766331f1e,Delhi,$6.73,05/09/2020
784659ff-620b-438b-a535-731766331f1e,Delhi,$9.49,04/10/2020
784659ff-620b-438b-a535-731766331f1e,Kolkata,$9.62,02/03/2020
784659ff-620b-438b-a535-731766331f1e,Mumbai,$3.92,01/03/2020
784659ff-620b-438b-a535-731766331f1e,Mumbai,$8.80,11/22/2019
fb13cf2e-47d1-4f4b-bfb8-232298f15db3,Bangalore,$1.04,05/29/2019
fb13cf2e-47d1-4f4b-bfb8-232298f15db3,Bangalore,$9.11,02/09/2020
fb13cf2e-47d1-4f4b-bfb8-232298f15db3,Chennai,$7.69,03/18/2020
fb13cf2e-47d1-4f4b-bfb8-232298f15db3,Chennai,$4.13,06/18/2019
fb13cf2e-47d1-4f4b-bfb8-232298f15db3,Chennai,$4.26,05/30/2019
fb13cf2e-47d1-4f4b-bfb8-232298f15db3,Chennai,$2.74,01/09/2020
fb13cf2e-47d1-4f4b-bfb8-232298f15db3,Delhi,$6.91,10/12/2019
fb13cf2e-47d1-4f4b-bfb8-232298f15db3,Delhi,$7.49,01/21/2020
fb13cf2e-47d1-4f4b-bfb8-232298f15db3,Delhi,$4.61,05/24/2020
fb13cf2e-47d1-4f4b-bfb8-232298f15db3,Delhi,$8.02,10/09/2019
fb13cf2e-47d1-4f4b-bfb8-232298f15db3,Kolkata,$3.55,01/06/2020
fb13cf2e-47d1-4f4b-bfb8-232298f15db3,Kolkata,$0.77,05/14/2020
fb13cf2e-47d1-4f4b-bfb8-232298f15db3,Kolkata,$7.42,11/19/2019
fb13cf2e-47d1-4f4b-bfb8-232298f15db3,Mumbai,$6.86,03/26/2020
fb13cf2e-47d1-4f4b-bfb8-232298f15db3,Mumbai,$4.10,10/01/2019
fb13cf2e-47d1-4f4b-bfb8-232298f15db3,Mumbai,$7.28,01/03/2020
fb13cf2e-47d1-4f4b-bfb8-232298f15db3,Mumbai,$2.00,06/15/2019
10487f86-8343-4d99-9894-fde107f877ad,Bangalore,$5.64,07/24/2019
10487f86-8343-4d99-9894-fde107f877ad,Bangalore,$5.88,11/08/2019
10487f86-8343-4d99-9894-fde107f877ad,Bangalore,$0.17,09/15/2019
10487f86-8343-4d99-9894-fde107f877ad,Chennai,$8.14,02/27/2020
10487f86-8343-4d99-9894-fde107f877ad,Chennai,$7.72,12/25/2019
10487f86-8343-4d99-9894-fde107f877ad,Chennai,$3.58,02/24/2020
10487f86-8343-4d99-9894-fde107f877ad,Chennai,$5.23,12/30/2019
10487f86-8343-4d99-9894-fde107f877ad,Delhi,$7.22,12/08/2019
10487f86-8343-4d99-9894-fde107f877ad,Kolkata,$5.67,08/05/2019
10487f86-8343-4d99-9894-fde107f877ad,Kolkata,$0.61,03/15/2020
10487f86-8343-4d99-9894-fde107f877ad,Mumbai,$8.93,02/13/2020
10487f86-8343-4d99-9894-fde107f877ad,Mumbai,$3.54,05/15/2020
10487f86-8343-4d99-9894-fde107f877ad,Mumbai,$0.95,02/11/2020
10487f86-8343-4d99-9894-fde107f877ad,Mumbai,$2.41,10/10/2019
40ce68b8-a167-4780-8300-fa9aee1fe4a2,Bangalore,$5.07,01/23/2020
40ce68b8-a167-4780-8300-fa9aee1fe4a2,Bangalore,$3.29,05/26/2019
40ce68b8-a167-4780-8300-fa9aee1fe4a2,Chennai,$1.32,10/01/2019
40ce68b8-a167-4780-8300-fa9aee1fe4a2,Chennai,$3.56,01/30/2020
40ce68b8-a167-4780-8300-fa9aee1fe4a2,Chennai,$1.70,11/06/2019
40ce68b8-a167-4780-8300-fa9aee1fe4a2,Delhi,$2.48,08/12/2019
40ce68b8-a167-4780-8300-fa9aee1fe4a2,Delhi,$4.51,03/10/2020
40ce68b8-a167-4780-8300-fa9aee1fe4a2,Delhi,$8.98,07/11/2019
40ce68b8-a167-4780-8300-fa9aee1fe4a2,Kolkata,$1.14,12/26/2019
40ce68b8-a167-4780-8300-fa9aee1fe4a2,Kolkata,$6.01,06/15/2019
40ce68b8-a167-4780-8300-fa9aee1fe4a2,Kolkata,$0.27,03/21/2020
40ce68b8-a167-4780-8300-fa9aee1fe4a2,Kolkata,$2.56,06/28/2019
40ce68b8-a167-4780-8300-fa9aee1fe4a2,Kolkata,$0.52,11/04/2019
40ce68b8-a167-4780-8300-fa9aee1fe4a2,Mumbai,$0.59,05/16/2020
40ce68b8-a167-4780-8300-fa9aee1fe4a2,Mumbai,$9.18,10/02/2019
40ce68b8-a167-4780-8300-fa9aee1fe4a2,Mumbai,$1.58,02/24/2020
44aed883-5132-4b8c-9a86-5a35866b6ece,Bangalore,$6.59,02/12/2020
44aed883-5132-4b8c-9a86-5a35866b6ece,Bangalore,$6.07,11/13/2019
44aed883-5132-4b8c-9a86-5a35866b6ece,Bangalore,$7.45,06/04/2019
44aed883-5132-4b8c-9a86-5a35866b6ece,Bangalore,$3.92,08/21/2019
44aed883-5132-4b8c-9a86-5a35866b6ece,Bangalore,$2.73,02/20/2020
44aed883-5132-4b8c-9a86-5a35866b6ece,Chennai,$7.89,09/27/2019
44aed883-5132-4b8c-9a86-5a35866b6ece,Chennai,$4.15,04/28/2020
44aed883-5132-4b8c-9a86-5a35866b6ece,Delhi,$2.42,07/20/2019
44aed883-5132-4b8c-9a86-5a35866b6ece,Delhi,$4.78,05/13/2020
44aed883-5132-4b8c-9a86-5a35866b6ece,Delhi,$3.71,10/12/2019
44aed883-5132-4b8c-9a86-5a35866b6ece,Kolkata,$2.10,02/23/2020
44aed883-5132-4b8c-9a86-5a35866b6ece,Kolkata,$4.42,11/05/2019
44aed883-5132-4b8c-9a86-5a35866b6ece,Mumbai,$5.43,08/08/2019
44aed883-5132-4b8c-9a86-5a35866b6ece,Mumbai,$5.25,01/06/2020
44aed883-5132-4b8c-9a86-5a35866b6ece,Mumbai,$7.76,10/17/2019
44aed883-5132-4b8c-9a86-5a35866b6ece,Mumbai,$7.44,05/18/2020
44aed883-5132-4b8c-9a86-5a35866b6ece,Mumbai,$5.09,09/29/2019
a1e18f87-f7d5-4905-8db9-dbf28d4c8f93,Bangalore,$8.19,07/16/2019
a1e18f87-f7d5-4905-8db9-dbf28d4c8f93,Bangalore,$6.31,01/29/2020
a1e18f87-f7d5-4905-8db9-dbf28d4c8f93,Bangalore,$9.85,06/04/2019
a1e18f87-f7d5-4905-8db9-dbf28d4c8f93,Chennai,$3.30,08/13/2019
a1e18f87-f7d5-4905-8db9-dbf28d4c8f93,Chennai,$1.88,11/18/2019
a1e18f87-f7d5-4905-8db9-dbf28d4c8f93,Chennai,$9.32,06/30/2019
a1e18f87-f7d5-4905-8db9-dbf28d4c8f93,Chennai,$3.59,06/05/2019
a1e18f87-f7d5-4905-8db9-dbf28d4c8f93,Delhi,$0.68,01/13/2020
a1e18f87-f7d5-4905-8db9-dbf28d4c8f93,Delhi,$3.78,09/13/2019
a1e18f87-f7d5-4905-8db9-dbf28d4c8f93,Delhi,$3.15,02/24/2020
a1e18f87-f7d5-4905-8db9-dbf28d4c8f93,Delhi,$9.36,01/13/2020
a1e18f87-f7d5-4905-8db9-dbf28d4c8f93,Delhi,$5.92,06/29/2019
a1e18f87-f7d5-4905-8db9-dbf28d4c8f93,Kolkata,$1.35,08/16/2019
a1e18f87-f7d5-4905-8db9-dbf28d4c8f93,Kolkata,$3.99,07/21/2019
a1e18f87-f7d5-4905-8db9-dbf28d4c8f93,Mumbai,$7.09,11/28/2019
a1e18f87-f7d5-4905-8db9-dbf28d4c8f93,Mumbai,$8.31,02/19/2020
a1e18f87-f7d5-4905-8db9-dbf28d4c8f93,Mumbai,$7.22,03/08/2020
406f2d4e-2783-4255-85fd-5372fb072ac4,Bangalore,$6.94,01/07/2020
406f2d4e-2783-4255-85fd-5372fb072ac4,Bangalore,$5.62,02/09/2020
406f2d4e-2783-4255-85fd-5372fb072ac4,Bangalore,$8.22,05/11/2020
406f2d4e-2783-4255-85fd-5372fb072ac4,Bangalore,$8.97,08/22/2019
406f2d4e-2783-4255-85fd-5372fb072ac4,Bangalore,$7.39,03/09/2020
406f2d4e-2783-4255-85fd-5372fb072ac4,Chennai,$6.65,07/26/2019
406f2d4e-2783-4255-85fd-5372fb072ac4,Chennai,$7.54,12/11/2019
406f2d4e-2783-4255-85fd-5372fb072ac4,Delhi,$9.79,11/11/2019
406f2d4e-2783-4255-85fd-5372fb072ac4,Delhi,$0.86,09/01/2019
406f2d4e-2783-4255-85fd-5372fb072ac4,Delhi,$9.90,07/03/2019
406f2d4e-2783-4255-85fd-5372fb072ac4,Delhi,$9.38,10/08/2019
406f2d4e-2783-4255-85fd-5372fb072ac4,Kolkata,$3.59,07/04/2019
406f2d4e-2783-4255-85fd-5372fb072ac4,Kolkata,$0.05,05/21/2020
406f2d4e-2783-4255-85fd-5372fb072ac4,Mumbai,$1.85,08/12/2019
e126073d-5118-4d92-be59-dfc4dd7e412e,Bangalore,$9.52,10/30/2019
e126073d-5118-4d92-be59-dfc4dd7e412e,Bangalore,$0.63,12/14/2019
e126073d-5118-4d92-be59-dfc4dd7e412e,Bangalore,$8.58,10/13/2019
e126073d-5118-4d92-be59-dfc4dd7e412e,Chennai,$3.51,04/04/2020
e126073d-5118-4d92-be59-dfc4dd7e412e,Chennai,$2.85,08/24/2019
e126073d-5118-4d92-be59-dfc4dd7e412e,Chennai,$0.22,06/12/2019
e126073d-5118-4d92-be59-dfc4dd7e412e,Delhi,$2.73,10/05/2019
e126073d-5118-4d92-be59-dfc4dd7e412e,Delhi,$5.37,09/13/2019
e126073d-5118-4d92-be59-dfc4dd7e412e,Kolkata,$4.96,06/08/2019
e126073d-5118-4d92-be59-dfc4dd7e412e,Kolkata,$1.13,09/28/2019
e126073d-5118-4d92-be59-dfc4dd7e412e,Mumbai,$0.25,03/23/2020
e126073d-5118-4d92-be59-dfc4dd7e412e,Mumbai,$3.27,08/04/2019
eb2211db-a590-4ae3-98b4-fdb88dfc64f4,Bangalore,$8.99,10/11/2019
eb2211db-a590-4ae3-98b4-fdb88dfc64f4,Chennai,$7.03,03/12/2020
eb2211db-a590-4ae3-98b4-fdb88dfc64f4,Chennai,$0.28,05/30/2019
eb2211db-a590-4ae3-98b4-fdb88dfc64f4,Chennai,$0.05,10/19/2019
eb2211db-a590-4ae3-98b4-fdb88dfc64f4,Delhi,$0.74,07/28/2019
eb2211db-a590-4ae3-98b4-fdb88dfc64f4,Delhi,$2.76,12/08/2019
eb2211db-a590-4ae3-98b4-fdb88dfc64f4,Delhi,$7.78,10/09/2019
eb2211db-a590-4ae3-98b4-fdb88dfc64f4,Delhi,$9.55,11/15/2019
eb2211db-a590-4ae3-98b4-fdb88dfc64f4,Kolkata,$5.20,07/06/2019
eb2211db-a590-4ae3-98b4-fdb88dfc64f4,Kolkata,$3.34,10/14/2019
eb2211db-a590-4ae3-98b4-fdb88dfc64f4,Kolkata,$9.45,12/09/2019
eb2211db-a590-4ae3-98b4-fdb88dfc64f4,Kolkata,$8.96,08/01/2019
eb2211db-a590-4ae3-98b4-fdb88dfc64f4,Mumbai,$3.05,09/06/2019
eb2211db-a590-4ae3-98b4-fdb88dfc64f4,Mumbai,$4.87,07/27/2019
ddf3f62c-28e3-4c15-9f26-796845aeb7c5,Bangalore,$2.63,07/12/2019
ddf3f62c-28e3-4c15-9f26-796845aeb7c5,Bangalore,$8.42,12/07/2019
ddf3f62c-28e3-4c15-9f26-796845aeb7c5,Bangalore,$3.03,04/30/2020
ddf3f62c-28e3-4c15-9f26-796845aeb7c5,Chennai,$9.22,04/07/2020
ddf3f62c-28e3-4c15-9f26-796845aeb7c5,Chennai,$2.02,10/09/2019
ddf3f62c-28e3-4c15-9f26-796845aeb7c5,Chennai,$1.97,02/26/2020
ddf3f62c-28e3-4c15-9f26-796845aeb7c5,Chennai,$4.78,04/11/2020
ddf3f62c-28e3-4c15-9f26-796845aeb7c5,Chennai,$6.90,09/08/2019
ddf3f62c-28e3-4c15-9f26-796845aeb7c5,Delhi,$6.55,05/02/2020
ddf3f62c-28e3-4c15-9f26-796845aeb7c5,Delhi,$4.30,05/18/2020
ddf3f62c-28e3-4c15-9f26-796845aeb7c5,Delhi,$9.88,12/20/2019
ddf3f62c-28e3-4c15-9f26-796845aeb7c5,Delhi,$9.49,05/27/2019
ddf3f62c-28e3-4c15-9f26-796845aeb7c5,Kolkata,$6.05,04/04/2020
ddf3f62c-28e3-4c15-9f26-796845aeb7c5,Kolkata,$0.23,10/19/2019
ddf3f62c-28e3-4c15-9f26-796845aeb7c5,Mumbai,$5.75,09/05/2019
77440667-9f7e-48c0-b0d6-d85e9d4e21b1,Bangalore,$4.39,03/25/2020
77440667-9f7e-48c0-b0d6-d85e9d4e21b1,Chennai,$9.66,09/29/2019
77440667-9f7e-48c0-b0d6-d85e9d4e21b1,Delhi,$2.74,07/18/2019
77440667-9f7e-48c0-b0d6-d85e9d4e21b1,Delhi,$1.25,06/26/2019
77440667-9f7e-48c0-b0d6-d85e9d4e21b1,Delhi,$8.49,03/30/2020
77440667-9f7e-48c0-b0d6-d85e9d4e21b1,Kolkata,$8.69,02/15/2020
77440667-9f7e-48c0-b0d6-d85e9d4e21b1,Mumbai,$4.58,08/21/2019
77440667-9f7e-48c0-b0d6-d85e9d4e21b1,Mumbai,$3.54,09/02/2019
77440667-9f7e-48c0-b0d6-d85e9d4e21b1,Mumbai,$3.31,09/10/2019
77440667-9f7e-48c0-b0d6-d85e9d4e21b1,Mumbai,$1.22,02/12/2020
77440667-9f7e-48c0-b0d6-d85e9d4e21b1,Mumbai,$2.46,08/17/2019
cf5740ca-e1da-4e1e-b509-2e61a81079e1,Bangalore,$8.22,01/26/2020
cf5740ca-e1da-4e1e-b509-2e61a81079e1,Bangalore,$7.70,06/17/2019
cf5740ca-e1da-4e1e-b509-2e61a81079e1,Bangalore,$3.45,12/29/2019
cf5740ca-e1da-4e1e-b509-2e61a81079e1,Bangalore,$8.62,06/12/2019
cf5740ca-e1da-4e1e-b509-2e61a81079e1,Bangalore,$9.03,03/01/2020
cf5740ca-e1da-4e1e-b509-2e61a81079e1,Chennai,$1.02,01/19/2020
cf5740ca-e1da-4e1e-b509-2e61a81079e1,Chennai,$9.00,05/19/2020
cf5740ca-e1da-4e1e-b509-2e61a81079e1,Chennai,$7.25,04/29/2020
cf5740ca-e1da-4e1e-b509-2e61a81079e1,Chennai,$2.32,05/27/2019
cf5740ca-e1da-4e1e-b509-2e61a81079e1,Chennai,$3.09,08/14/2019
cf5740ca-e1da-4e1e-b509-2e61a81079e1,Delhi,$5.43,01/19/2020
cf5740ca-e1da-4e1e-b509-2e61a81079e1,Delhi,$7.45,06/18/2019
cf5740ca-e1da-4e1e-b509-2e61a81079e1,Delhi,$7.07,09/06/2019
cf5740ca-e1da-4e1e-b509-2e61a81079e1,Delhi,$7.19,04/12/2020
cf5740ca-e1da-4e1e-b509-2e61a81079e1,Kolkata,$8.81,01/28/2020
cf5740ca-e1da-4e1e-b509-2e61a81079e1,Kolkata,$2.76,06/27/2019
cf5740ca-e1da-4e1e-b509-2e61a81079e1,Kolkata,$4.32,12/29/2019
cf5740ca-e1da-4e1e-b509-2e61a81079e1,Mumbai,$0.68,07/20/2019
cf5740ca-e1da-4e1e-b509-2e61a81079e1,Mumbai,$5.56,11/05/2019
cf5740ca-e1da-4e1e-b509-2e61a81079e1,Mumbai,$9.24,02/13/2020
